Protein,cRMSD Structure,cRMSD Sequence
A13C,0.16344114343362315,0.22662826246789303
A13D,0.18227377752738042,0.22091924599096024
A13E,0.2517318601832185,0.23031354165660142
A13F,0.21024936635462918,0.2362394338629516
A13G,0.19059946943974662,0.23427695764023845
A13H,0.1899578590014986,0.23143753446355908
A13I,0.19615143992954437,0.22912727969370728
A13K,0.186020743945525,0.22842394417728268
A13L,0.18093833428922287,0.23618560669494426
A13M,0.1576997290022483,0.23012553613432885
A13N,0.18546391564309023,0.22594851322389695
A13P,0.2603055851010056,0.3870898557805739
A13Q,0.17746570427744035,0.23019879612285807
A13R,0.20925345582236551,0.2333996921916041
A13S,0.1622060972683749,0.22974131047753152
A13T,0.18054314227236254,0.24110655981677515
A13V,0.17936258672963445,0.23058242340870308
A13W,0.19771955070006741,0.22717860898189696
A13Y,0.17381849115370077,0.23672400742599534
A27C,0.19342550516602836,0.22464033454891646
A27D,0.18000642226552888,0.23972700372481254
A27E,0.17971076911479986,0.23400816904817948
A27F,0.16950437879787478,0.24668878729075924
A27G,0.17289780068711558,0.23825737284699258
A27H,0.1598831186277816,0.23261353401137838
A27I,0.16198478905500674,0.23613453972683912
A27K,0.1916614712980313,0.2491396898810178
A27L,0.18549525991308705,0.22586774660050413
A27M,0.177181849205611,0.2269055824302953
A27N,0.17143925346810276,0.22880573017786388
A27P,0.163592528043274,0.24757360323920694
A27Q,0.2014423771405107,0.23030750154550192
A27R,0.18887501048563954,0.2538792029620771
A27S,0.18197419756719316,0.22915804381159388
A27T,0.21732773995849836,0.23156631790532547
A27V,0.16430323232896382,0.218778200601811
A27W,0.16614525371574998,0.23210940296829327
A27Y,0.20471036026340605,0.24947025597781297
A33C,0.19145363784314332,0.21361483650109828
A33F,0.19663266802133345,0.2157174836450039
A33G,0.21782464345789795,0.2843197918115915
A33H,0.1799222733389157,0.24370763662269038
A33I,0.17979051988310082,0.21103843682165124
A33K,0.18087860062453526,0.23108033749192522
A33L,0.1917105723899691,0.2071205000876642
A33M,0.21317679916930632,0.23933958784759485
A33N,0.205198557996257,0.23892256124924524
A33P,0.18921691297138646,0.2598782598673865
A33Q,0.2136747676444756,0.2498059502938219
A33R,0.18613060947999704,0.23625438406970942
A33S,0.1799489767547868,0.27598567753612274
A33T,0.2114851597679296,0.24278075831574022
A33V,0.20058750127080077,0.2247200163115101
A33W,0.1710204732957449,0.2695608594397902
A33Y,0.18151508748413597,0.21815167379027653
A36C,0.2227702272284646,0.2381879832311809
A36D,0.1888445417206617,0.2265686599141314
A36E,0.1705538532171009,0.22161838421086427
A36F,0.17123868410252568,0.2368889814167555
A36G,0.1730878429593867,0.22564737375104835
A36H,0.19060270797340284,0.22980895551932967
A36I,0.22786457015312744,0.23246557883664495
A36K,0.19290295100698532,0.2286116968064844
A36L,0.1888357585123208,0.22628288626298818
A36M,0.15885939349136569,0.23141897305408676
A36N,0.16828498468634748,0.22898962225746503
A36P,0.20944235341041328,0.2730754888704326
A36Q,0.2320004432506533,0.22693567777436013
A36R,0.19937361714388876,0.23062706657254411
A36S,0.2133257174882837,0.22482208962355368
A36T,0.1814206339105871,0.2225382062196931
A36V,0.16862285290396348,0.23396117835469138
A36W,0.16622303078265374,0.24122839435125817
A36Y,0.18227978762347527,0.24097741757009597
A72C,0.16902010261822456,0.22316545673360938
A72D,0.2220602257655297,0.22839089860669756
A72E,0.17670105101581188,0.23668138664829802
A72F,0.17723283988146316,0.22304764591052073
A72G,0.17820715572818882,0.23684666568622068
A72H,0.18443476332524703,0.22199095246812517
A72I,0.18352536318868268,0.22383541252612496
A72K,0.16462963251426377,0.23546945795651186
A72L,0.17704527500523692,0.22557173989973076
A72M,0.20140030491251867,0.21270042156185456
A72N,0.18359307542802897,0.2256543667273584
A72P,0.23192034344121654,0.29543745039417074
A72Q,0.17387985026091168,0.2306697684938209
A72R,0.19340606008726943,0.22486818913272305
A72S,0.16791558610881666,0.23525912409265798
A72T,0.20308355199225095,0.23002089261408948
A72V,0.1738863002802037,0.2227894235536885
A72W,0.17843280917692902,0.2206048651197699
A72Y,0.1804727924348965,0.22494670371819653
D15A,0.20145856177954347,0.24956811646813493
D15C,0.18536838198190164,0.2289738130575853
D15E,0.15382775397007975,0.22860960591086277
D15F,0.18869098322579902,0.25056604987435055
D15G,0.22736823014536559,0.23338155883298825
D15H,0.1676002138035487,0.22702079309044956
D15I,0.17219618451722885,0.2278828967496683
D15K,0.14928390048510706,0.24098363594454014
D15L,0.23559932815070936,0.24540829246317716
D15M,0.15010175782787213,0.23530188581454772
D15N,0.1833501599277426,0.22809647563077415
D15P,0.1773280908160183,0.2612439220928946
D15Q,0.15309922363724546,0.2363645087209947
D15R,0.19631469865709447,0.2228876474205083
D15S,0.165020537449459,0.2390842629434855
D15T,0.21078860825876078,0.25062278220223144
D15V,0.16803313609032647,0.2683071698942871
D15W,0.16334325939573605,0.24950907110309786
D15Y,0.18625793075737787,0.2611348751330862
D18A,0.22148112759739672,0.25100702444035156
D18C,0.18779348903356616,0.23774372099079547
D18E,0.17676465980603462,0.24979007453243837
D18F,0.20426833865843055,0.2583317374214904
D18G,0.2162095905983891,0.24589716339163464
D18H,0.22057559470116184,0.26193782870309223
D18I,0.20215546467081355,0.27101209626787665
D18K,0.2090007386476456,0.29133937970977136
D18L,0.23320064240708652,0.2694365853075132
D18M,0.19394054070563532,0.25112893028003747
D18N,0.24736780419802099,0.22530812780472062
D18P,0.22650613856428767,0.3165907160074565
D18Q,0.17837877500821173,0.24727526134175842
D18R,0.19054971098328224,0.2685435068422794
D18S,0.22514764623512734,0.24422496368401428
D18T,0.16602091371932184,0.2531173970832516
D18V,0.20664006281497457,0.25749027526235335
D18W,0.24149062803003934,0.26637910588875197
D18Y,0.21998821558328877,0.30990022210942153
D20A,0.2310013743106973,0.2282552971119989
D20C,0.18371679366951432,0.2328522405027049
D20E,0.1773057554265363,0.2218167474744868
D20F,0.17405915468955108,0.22585316628575866
D20G,0.18306764466945594,0.22450545196677343
D20H,0.1810346192712949,0.2314870785771411
D20I,0.20115592006233804,0.22512895154601517
D20K,0.15962894491146237,0.22712438869721452
D20L,0.19106273394380477,0.22749647842646767
D20M,0.1744637493092378,0.22734255955068777
D20N,0.2218910144256002,0.23276783804198553
D20P,0.19567759523702766,0.22677672348700975
D20Q,0.19079748633891128,0.22863931519479008
D20R,0.23685416368825926,0.23185100104294687
D20S,0.18092290685151596,0.23159919243597596
D20T,0.16043430233520142,0.22838076958403183
D20V,0.1864661071606582,0.2244555276895219
D20W,0.19558769732156833,0.22256802373432458
D20Y,0.2004984069165552,0.22481280845416163
D26A,0.19349293152033803,0.2203959550521537
D26C,0.1764257870833924,0.2269643207357787
D26E,0.19049843204503397,0.23474881312225135
D26F,0.19845135805209946,0.23470290404447688
D26G,0.28705829163365143,0.2347010925810881
D26H,0.1743608618743539,0.23242640845699103
D26I,0.18451449167278317,0.23705266751656168
D26K,0.17268974702384943,0.2305910547153781
D26L,0.16878817707066648,0.2537851783312473
D26M,0.18834216878993573,0.22270340892470775
D26N,0.20169591489468386,0.23188938722919364
D26P,0.17685126795077113,0.24593318081805401
D26Q,0.21588019042024398,0.23318707345523307
D26R,0.1874201648056904,0.24845569875819343
D26S,0.33535308694312005,0.2518541359244681
D26T,0.17532545744059874,0.20251383014157545
D26V,0.2060270566325789,0.2733202320044443
D26W,0.17148780751572207,0.23367401554224276
D26Y,0.16500352801779763,0.23554562122279318
D54A,0.2237746023037672,0.2800136125381479
D54C,0.1472520262177967,0.2472218890637402
D54E,0.1724833816233078,0.24737483089298146
D54F,0.20756801462734029,0.30788441561190694
D54G,0.1899176116959828,0.3209210928734324
D54H,0.187195132150517,0.26045116166372667
D54I,0.15921757969583064,0.2577083088378891
D54K,0.21287143484058996,0.2555699725962499
D54L,0.21382775325557066,0.5915944378781938
D54M,0.18282952668403224,0.23447146111308487
D54N,0.17632436054281275,0.23140981230607013
D54P,0.19298960350579017,0.5740082792659366
D54Q,0.16918947009764274,0.26043506343377737
D54R,0.18246399165500593,0.2578557681525348
D54S,0.19539831198997157,0.2651232826598253
D54T,0.17374622554363459,0.270838097602871
D54V,0.20431722212977252,0.2441515675604117
D54W,0.20071078722486882,0.33064920919521346
D54Y,0.2009361936287759,0.32521238890033366
D56A,0.22731819794329,0.24527657795853944
D56C,0.15767019684569464,0.2404511264107216
D56E,0.1647047072915881,0.25355423751679756
D56F,0.18786346402678689,0.26236362041721173
D56G,0.16798223659224173,0.2566700820338033
D56H,0.19748541460547522,0.24493931096131863
D56I,0.18397648113942222,0.2583232800859162
D56K,0.15224335046579227,0.24543781683490015
D56L,0.18612131996096318,0.2684575864896299
D56M,0.1793406131363094,0.2562142771268188
D56N,0.19706708566019623,0.2338771792867245
D56P,0.15617331699758186,0.2708105246992145
D56Q,0.2010953158588776,0.2552677659072741
D56R,0.23578651227301833,0.2517573443155747
D56S,0.1740611948610578,0.2383807182319513
D56T,0.23346137636381284,0.24033747734120037
D56V,0.15733723510426187,0.25197888008162417
D56W,0.18840971838317666,0.24532908789760569
D56Y,0.15436208496913023,0.2559521205068536
D62A,0.17720197602010984,0.25276693839946235
D62C,0.17891728120040423,0.22647143095219302
D62E,0.18314154166678825,0.24737694041284475
D62F,0.21860883058982641,0.2563930628751963
D62G,0.1949521384279996,0.24199705771496516
D62H,0.19172621102001822,0.23754034556252016
D62I,0.17912186488626314,0.25134440551343706
D62K,0.18148482839642394,0.254221218077529
D62L,0.18149170434194892,0.25597538911128276
D62M,0.1977959349288009,0.23240980087726879
D62N,0.16869519685282794,0.2319265244103325
D62P,0.2170513073581679,0.27057540902497396
D62Q,0.21335776076438126,0.2514075725751535
D62R,0.18048698873693522,0.2533983882202855
D62S,0.18644308723858893,0.22230624452568495
D62T,0.17434883880196742,0.22948799183083632
D62V,0.1870301240568688,0.250922979829351
D62W,0.18732541619985474,0.24781733723822716
D62Y,0.21082722863009892,0.2519688837852611
E12A,0.19760839290039114,0.23291573112227085
E12C,0.17937181130486154,0.23024591086411378
E12D,0.21435886263936188,0.23408216245212266
E12F,0.1914890459901056,0.2309600901345261
E12G,0.23492240264974953,0.2245282378948183
E12H,0.1952090708165426,0.23130187544124364
E12I,0.15161709564643938,0.2285816536020933
E12K,0.18068262584208092,0.231819905264158
E12L,0.19163124977511298,0.23262273761859473
E12M,0.20504210474125176,0.23069779375986957
E12N,0.2132256028195875,0.2317722219621983
E12P,0.20934185000738278,0.5400762978238122
E12Q,0.20512513616112638,0.23014883894549015
E12R,0.20517198630403463,0.23337683144563762
E12S,0.18500192570383034,0.22974038780802944
E12T,0.1793927017194885,0.23161519897240954
E12V,0.1721109402542851,0.22844452566876342
E12W,0.18115880172933618,0.22867328070011148
E12Y,0.1747818516594585,0.23436516277352815
E29A,0.19540848312738368,0.2747822069037241
E29C,0.18552974400587996,0.3304358784873231
E29D,0.19122386171741837,0.3344861103358481
E29F,0.16031253392627004,0.19860411613790913
E29G,0.24877531422745672,0.26875634871917947
E29H,0.19215980260723475,0.49034543075169684
E29I,0.1916015394282132,0.24735133460599998
E29K,0.20912526826060907,0.23108526470400098
E29L,0.17103897160720677,0.2452364082463216
E29M,0.20266855749535487,0.22077928751285575
E29N,0.19213864299867728,0.3109298933389794
E29P,0.16523802380220992,0.2684065240920709
E29Q,0.20184388755825985,0.23079451314360164
E29R,0.16686433376688287,0.20958645490513275
E29S,0.19637333288745798,0.40674670466825347
E29T,0.18953023440576047,0.44956021654762546
E29V,0.18622262964311298,0.2738879342783412
E29W,0.16946808743023123,0.21383959014584367
E29Y,0.1904861489235911,0.20543261819320685
E40A,0.18671039646786733,0.2512189424230445
E40C,0.21475723707170535,0.2285967456600458
E40D,0.16956142978694475,0.23058306322714536
E40F,0.1638230347587767,0.24201071500270188
E40G,0.19601573600900846,0.2540015211368997
E40H,0.21810003963898522,0.23045690622975953
E40I,0.20323892681307296,0.21735353514484268
E40K,0.1795747471827797,0.22990766124793027
E40L,0.20650747170613462,0.25221852692347924
E40N,0.21799626653659931,0.23361004375114416
E40P,0.17303821759005222,0.30760265432411166
E40Q,0.19425481694429625,0.22596010083793747
E40R,0.1918160656963807,0.22605518289826873
E40S,0.21099099074040062,0.22759234911983903
E40T,0.2080204060333698,0.2246441519107119
E40V,0.17653963287334393,0.2474223253824494
E40W,0.16424731113121036,0.23207839412366846
E40Y,0.18779399152734766,0.24066722479384062
E44A,0.16377753437783388,0.23231649969982163
E44C,0.2210038116422945,0.23191170033388456
E44D,0.1813842141222546,0.23350112717683663
E44F,0.2031324227574166,0.24757489160820922
E44G,0.21151759960962674,0.3643047533880823
E44H,0.18903667893166837,0.24080337435658808
E44I,0.1936176934530643,0.23258394976026103
E44K,0.23430250568586708,0.23321842896165823
E44L,0.19343165335247278,0.23183705840306182
E44M,0.19421518267222482,0.25078650965584354
E44N,0.1550648170933945,0.22908170377205606
E44P,0.17220309172557052,0.2452000357508845
E44Q,0.216727602639818,0.24571863616828207
E44R,0.18302641947382503,0.24685158605106816
E44S,0.21081336645345633,0.2428424070871702
E44T,0.1879709405171015,0.23059744429817908
E44V,0.20053725246401827,0.22949610211182037
E44W,0.19736413069603045,0.24003809153392724
E44Y,0.20186010718062927,0.24310710465371582
E45A,0.16535736203274656,0.22667951078956805
E45C,0.18652569480378386,0.2206230645406657
E45D,0.19299802974497537,0.24114551327711953
E45F,0.18711764127755917,0.21951060760535815
E45G,0.19663658383538365,0.2279992410211363
E45H,0.19807341423026312,0.21668839446335358
E45I,0.18278857274923996,0.22819535479447461
E45K,0.1660762132496126,0.21920712837474673
E45L,0.17494384716488257,0.21831038133810957
E45M,0.2054316832973396,0.22095688788473014
E45N,0.1977239272959254,0.22246337061538327
E45P,0.22321391727679998,0.24261562402925496
E45Q,0.1741412033521826,0.22556082735855207
E45R,0.18091255686322505,0.22275268200946902
E45S,0.19658746938089083,0.22056046963330028
E45T,0.20854761363768873,0.23249824035310948
E45V,0.19995616956012047,0.22867899416668744
E45W,0.15278538877834955,0.21327750660662456
E45Y,0.20337425925195332,0.21627411449421097
E4A,0.18282998402024972,0.22895774817960995
E4C,0.19427573704874457,0.22932862845628438
E4D,0.1742216384598968,0.22732148865479432
E4F,0.16420659269936538,0.2197262771678103
E4G,0.21073705133431278,0.22276026934851106
E4H,0.1828337872322753,0.22913149849253736
E4I,0.20809354107999764,0.2234289095429686
E4K,0.1832427123542161,0.23031694507441056
E4L,0.20547213225471314,0.2253647037330953
E4M,0.17657521098409823,0.22383687393623233
E4N,0.18889872458891843,0.22788617513909087
E4P,0.17701648555120345,0.22787667264585595
E4Q,0.19645828487530917,0.23095021777980285
E4R,0.1785553983305171,0.23196968382796493
E4S,0.16696880136373793,0.22689194908777402
E4T,0.17318496327251354,0.22647959008032956
E4V,0.18423753897067477,0.2237705652832032
E4W,0.16298479027585236,0.21695069379031787
E4Y,0.21659686655060365,0.22603718219522964
E52A,0.18513744147181,0.2462476513338322
E52D,0.20466121946153704,0.22356338862270098
E52F,0.18614249864046511,0.2511010351932953
E52G,0.15692937921343464,0.22156211473340698
E52H,0.16397061208542485,0.2461835654129846
E52I,0.21326779963566372,0.23815442687424737
E52K,0.18975669506800386,0.24112539365649704
E52L,0.18324337260113993,0.23594327091137557
E52M,0.18811998981505532,0.24034814424835005
E52N,0.1853016168853178,0.2239079062618291
E52P,0.17855771564339026,0.39300118070533396
E52Q,0.17722378441691014,0.235207029423154
E52R,0.1618646119533095,0.2354559774883525
E52S,0.17484251013222735,0.23487421975490969
E52T,0.2143055289837975,0.23175723852753877
E52V,0.1873234914361454,0.23777022108076767
E52W,0.20757695444908758,0.24155906083109296
E52Y,0.18868053249134262,0.2433447127668625
E5A,0.1963471857029281,0.22961522294931835
E5D,0.18624173144906533,0.22802998842917152
E5F,0.17739915993798683,0.23551834460856802
E5G,0.18993839559961995,0.2275730953075431
E5H,0.195392700987651,0.23118427487363116
E5I,0.15870753922679437,0.23425178930710538
E5K,0.18690279847679736,0.23136302605168432
E5L,0.1796231095524273,0.23674702113728444
E5M,0.16555165598739469,0.23274857014266678
E5N,0.19517137076632657,0.23073623428232198
E5P,0.1880078065583108,0.22602684598527414
E5Q,0.19030794003982485,0.22804350378118904
E5R,0.18283050907285445,0.23293837704191322
E5S,0.19891594675730254,0.22783107627892457
E5T,0.22858499946129046,0.2330442083421332
E5V,0.22758434591996127,0.23345960143310643
E5W,0.16101049704731565,0.2283719566443842
E5Y,0.20477037624433955,0.23530517907433982
E64A,0.20974444766152406,0.22704680220576456
E64C,0.2101135472807824,0.2378038607480606
E64D,0.20871455468141598,0.2272243126123686
E64F,0.17523193203046974,0.24575130317814714
E64G,0.16453385080673671,0.22213093979540147
E64H,0.18071825062162533,0.23735304724397488
E64I,0.1937289183775257,0.23419490565180168
E64K,0.1731805071018189,0.23042226266199978
E64L,0.17014752652369736,0.23075028794801639
E64M,0.17112026644540423,0.23605280732567807
E64N,0.21439141785029195,0.22385660055061546
E64P,0.19004763758102214,0.23192376505749693
E64Q,0.187859270402711,0.24081427366550912
E64R,0.20133080077769178,0.22298737125779586
E64S,0.2175695343547571,0.21782197000107542
E64T,0.2064393507041133,0.22631381261635042
E64V,0.16764473799581042,0.23743193225351175
E64W,0.17493592739836464,0.23429216950112342
E64Y,0.17574368226489037,0.23213624940447267
E65A,0.1656983451839699,0.3523082601071758
E65C,0.1710509849493346,0.30626175279257256
E65D,0.20804531358733533,0.22588327534195393
E65F,0.20820278391927233,0.2984294936542083
E65G,0.1848151610635375,0.41916907039767903
E65H,0.1749972804598291,0.2319030704395827
E65I,0.1974103982804388,0.3849583299100843
E65K,0.19262962948603335,0.33124353459146144
E65L,0.18081632948515922,0.38895739097665993
E65M,0.1719884184774348,0.31417261439134236
E65N,0.1922895752173733,0.282307961852634
E65P,0.17855221149533118,0.3780932335774071
E65Q,0.1855532311393896,0.23454236023650088
E65R,0.22171780950406048,0.3734048805467046
E65S,0.2087560247571573,0.2759382551102938
E65T,0.2024105725698004,0.3142038335787618
E65V,0.19971138365875624,0.3504732815559884
E65W,0.19928466618937027,0.31539664329264955
E65Y,0.19845253586583317,0.31823417011034344
E9A,0.17374433958729654,0.2339955193296803
E9C,0.1896112934646524,0.23120597696269246
E9D,0.15252495190467402,0.23008046313542674
E9F,0.1974520561974238,0.22150699433800092
E9G,0.19393955742107932,0.2305158102776232
E9H,0.1536400888710367,0.2257985896303647
E9I,0.16009875176843297,0.22579577029409062
E9K,0.18443521798428794,0.22811080779717752
E9L,0.1819206243576177,0.2281413084540177
E9M,0.1709031650259988,0.2308349258204873
E9N,0.16074157260753913,0.22978213931384728
E9P,0.18015038837814318,0.32381958610937606
E9Q,0.17088862758883372,0.23146312555778098
E9R,0.1764836887119096,0.2255404958891145
E9S,0.1813396227487828,0.22853504150280882
E9T,0.18596418732573888,0.22530368923936347
E9V,0.20768683332734494,0.22559876273358723
E9W,0.17796307789514432,0.22076175943875706
E9Y,0.16316704815309777,0.2226255896164612
F14A,0.18720945933171917,0.24881174002321987
F14A:F63C,0.20024090433438801,0.2521348490241502
F14A:F63I,0.18911220737066337,0.258713693640014
F14A:F63L,0.21077662961924623,0.2643342932194721
F14A:F63M,0.17538426341090793,0.26775039222712804
F14A:F63V,0.19701379417569612,0.2586223722013671
F14A:F63W,0.18900370981971526,0.22903714526662866
F14A:F63Y,0.2742861289686756,0.2600093208279519
F14A:F66C,0.17925380940065053,0.4339192127585056
F14A:F66I,0.22237360209469154,0.6220162652925362
F14A:F66L,0.18924029281400245,0.5101449412900392
F14A:F66W,0.180132160352376,0.2303674855522267
F14A:F66Y,0.20471684776012994,0.2514591156362752
F14C,0.18497445731722745,0.2596039074138714
F14C:F63A,0.2081336710176146,0.34893577571112283
F14C:F63C,0.16586249033852524,0.37199873707005293
F14C:F63D,0.23639881437542473,0.3096226575043509
F14C:F63E,0.21173466775904873,0.3342307731713735
F14C:F63G,0.1806728012847524,0.4333787557882947
F14C:F63H,0.19357279912334766,0.30477299880358555
F14C:F63I,0.20904718763757757,0.6240817538864571
F14C:F63K,0.19973059347251343,0.37258325512133117
F14C:F63L,0.1800070935796389,0.5588167687414444
F14C:F63M,0.17415650510265768,0.4565521059168934
F14C:F63N,0.20748149379582118,0.3127902928582182
F14C:F63P,0.21064424589193018,0.3532891311850093
F14C:F63Q,0.18767862151695106,0.30754645491100246
F14C:F63R,0.21266133405550158,0.4347543589210313
F14C:F63S,0.1904148360322227,0.3042588664840757
F14C:F63T,0.21192005593281826,0.5421595956939741
F14C:F63V,0.21212695496048284,0.6618976337973796
F14C:F63W,0.21323631418027342,0.27825199601970807
F14C:F63Y,0.22592091668678152,0.2859723983803444
F14C:F66A,0.16506406887673306,0.5270028755669813
F14C:F66C,0.21079005287189892,0.35541125941978147
F14C:F66E,0.1873543545439646,0.3777499529608771
F14C:F66H,0.21748005730192685,0.41512392036932605
F14C:F66I,0.18929445324125047,0.5554816199125604
F14C:F66K,0.18301911216181357,0.6724545546047908
F14C:F66L,0.18017709979284802,0.5577507619176769
F14C:F66M,0.20293657143849386,0.4415391718101389
F14C:F66P,0.18776705559686546,0.44373924199944187
F14C:F66Q,0.19486173335406118,0.39523302423452555
F14C:F66R,0.21454590358635925,0.5897958228851378
F14C:F66S,0.1748499395747734,0.5202157817301045
F14C:F66T,0.18674346706000847,0.3899923420238
F14C:F66V,0.18404167199057633,0.4691983565432374
F14C:F66W,0.2162493820992656,0.2416235147543174
F14C:F66Y,0.2298982670469407,0.2690128203444055
F14D,0.17171199646182592,0.2596677831496238
F14D:F63C,0.17453910731368724,0.30091805129419613
F14D:F63I,0.19996458554926805,0.37899369992368265
F14D:F63L,0.1931565232768171,0.30755031799135635
F14D:F63W,0.18231495739994838,0.2436426130226178
F14E,0.1973285725764663,0.25677016385731327
F14E:F63C,0.16741769841522133,0.3420701571135237
F14E:F63I,0.21316830403795467,0.3438097679689616
F14E:F63L,0.19047062231150286,0.27060513015375864
F14E:F63V,0.18495755464293087,0.3634098069066621
F14E:F63W,0.1970286980011666,0.2464910167758502
F14E:F66W,0.21596906413437125,0.24796279243022198
F14G,0.1884827299842723,0.26652674802515774
F14G:F63C,0.22014266851281267,0.25874378236634743
F14G:F63I,0.19233499160179085,0.22885206849805464
F14G:F63L,0.19332717696816412,0.22945031395791535
F14G:F63M,0.2142761277160371,0.23091728626936678
F14G:F63W,0.17373258969032335,0.2918704448902302
F14G:F66I,0.22519704946623267,0.4607204188988736
F14G:F66W,0.1936282161121603,0.2646847779246378
F14H,0.18295138685186063,0.23378978435237738
F14H:F63C,0.19253626366074209,0.23394108212391823
F14H:F63I,0.19324568932813782,0.2636731343143862
F14H:F63L,0.21694344029016463,0.2555125403166172
F14H:F63V,0.20816952889696147,0.23755519809477949
F14H:F63W,0.1938845134398091,0.23219053103817616
F14H:F63Y,0.19182364248880385,0.24823913569127878
F14H:F66C,0.20594582206171902,0.3667521199293645
F14H:F66I,0.17399642718425862,0.4718022011810987
F14H:F66L,0.1925084962525462,0.4642416783520343
F14H:F66W,0.23509430106271267,0.23560946845594966
F14I,0.23896873625159767,0.4239402666729349
F14I:F63A,0.18339545963020953,0.39321622942369033
F14I:F63C,0.19368924856857211,0.47237081917995166
F14I:F63G,0.21561755348794232,0.41598006414426614
F14I:F63H,0.18477610039485834,0.39965990712200533
F14I:F63I,0.21006682229273088,0.6126779759106055
F14I:F63K,0.1579333490444165,0.3801564793609204
F14I:F63L,0.204342634106948,0.5017910953022429
F14I:F63M,0.24690428117761276,0.41791011401316464
F14I:F63P,0.23611707378586386,0.463769849008597
F14I:F63V,0.2596192555535894,0.62769298235001
F14I:F63W,0.22561291597562816,0.44057470124765274
F14I:F63Y,0.20296002988589432,0.43585788132431746
F14I:F66C,0.20051731649776602,0.39127134933230184
F14I:F66I,0.19581975854784514,0.7421041205948546
F14I:F66L,0.20701414395894877,0.5365568335733858
F14I:F66M,0.17024845539784744,0.5956812344090076
F14I:F66V,0.19286005018844724,0.46382334069608805
F14I:F66W,0.22242283358159845,0.3667520979315866
F14I:F66Y,0.21060206922737543,0.4001792563377831
F14K,0.21813669389516324,0.28217047257265476
F14K:F63C,0.22601948258136664,0.291755605652863
F14K:F63I,0.2505389193390641,0.2608543633497977
F14K:F63L,0.1790804405114357,0.2503764492630596
F14K:F63W,0.17731023968895396,0.25168449898621
F14K:F63Y,0.2041117434277003,0.27568226153091563
F14K:F66I,0.18845608319036422,0.41600792467736497
F14K:F66L,0.20713703793592902,0.493817543291608
F14K:F66W,0.22302426079939566,0.2977211540570855
F14L,0.20624167436634397,0.28156147092600814
F14L:F63A,0.18727626558755667,0.5498940936873561
F14L:F63C,0.19441620438752455,0.6798140859578452
F14L:F63E,0.22727817043089582,0.3000018316817242
F14L:F63I,0.23293342439504558,0.6398649159255401
F14L:F63K,0.18447170241701413,0.3734457274161062
F14L:F63L,0.21693811471465135,0.4310803228832547
F14L:F63M,0.20851528208396036,0.36040672224650605
F14L:F63R,0.22275528145959025,0.29871027506018205
F14L:F63T,0.19497825215470826,0.6256398926638319
F14L:F63V,0.223732486579181,0.6483211208109835
F14L:F63W,0.21427459555565845,0.2405525184459914
F14L:F63Y,0.22451913369575574,0.27516000232005977
F14L:F66A,0.20262452217298643,0.4342585765906988
F14L:F66C,0.2055475677125035,0.4122414653143638
F14L:F66I,0.21744764464389774,0.7293273661537114
F14L:F66L,0.22853435324303245,0.35273841435168524
F14L:F66M,0.21328057835223974,0.44620868958538124
F14L:F66V,0.23085758930720252,0.5971067410685938
F14L:F66W,0.24034152851634588,0.2963780275415544
F14L:F66Y,0.21929909287384522,0.32720135123922545
F14M,0.21937172347537018,0.28464061526392376
F14M:F63C,0.18068954403210463,0.38541786049850124
F14M:F63I,0.19713256857158726,0.4447374162099829
F14M:F63L,0.22400629448437132,0.2753968159754894
F14M:F63M,0.18212838494257746,0.2460965665751728
F14M:F63P,0.1831472617345807,0.3056335512361545
F14M:F63R,0.21397389032969188,0.33505465967418435
F14M:F63V,0.19515848143442222,0.5180111132282935
F14M:F63W,0.2265908264411083,0.2309341835080997
F14M:F63Y,0.2164509542600818,0.2569528635075114
F14M:F66C,0.20084445177372307,0.34163671217583486
F14M:F66I,0.23444799651451817,0.6141379498745186
F14M:F66L,0.2059547231415694,0.6563495176375085
F14M:F66M,0.2543930995795906,0.5752846530250312
F14M:F66V,0.19447850984537327,0.5091033764285184
F14M:F66W,0.24739476208203584,0.3230277644878535
F14M:F66Y,0.28411621212013394,0.33565714367021227
F14N,0.19886297815164306,0.2612299115816263
F14N:F63C,0.19681686812791443,0.26752548994659764
F14N:F63I,0.19492184651508696,0.2480932170154127
F14N:F63L,0.1702049242103512,0.28502976647247236
F14N:F63W,0.19379450914974927,0.2765609879757879
F14N:F63Y,0.19054880295922613,0.2799346714216682
F14N:F66I,0.21385905983676917,0.43074844355699154
F14N:F66L,0.19072460926091417,0.4802701300485725
F14N:F66W,0.18831779858092254,0.22154701261091603
F14P,0.14126748486668156,0.5639265407916505
F14P:F63C,0.19721847680075236,0.45115716784059307
F14P:F63I,0.19948201827868467,0.3945440475925366
F14P:F63L,0.1601290099381733,0.5091478587813382
F14P:F63W,0.2140226003304487,0.4310850113637008
F14P:F66L,0.2098405799958212,0.5059343423451752
F14P:F66W,0.20976988674196492,0.9404354494472447
F14Q,0.19866452925136763,0.2826391532008905
F14Q:F63C,0.2792131737331343,0.30595980683023305
F14Q:F63I,0.2376067952443913,0.307457008577683
F14Q:F63L,0.20542620578235007,0.2438506517963294
F14Q:F63M,0.21997466279457606,0.2295863879194251
F14Q:F63W,0.22225495325605982,0.2388065643109714
F14Q:F66L,0.1936852375311273,0.35945245897790673
F14Q:F66M,0.20279797535478733,0.3641248567572817
F14Q:F66W,0.24018181648840486,0.3042759118417351
F14R,0.21435214058257607,0.28796071772225756
F14R:F63C,0.19668363237300057,0.25208150322165673
F14R:F63I,0.22561079683480692,0.2616526088643308
F14R:F63L,0.2213701488190312,0.2506826299473487
F14R:F63M,0.22120555279479878,0.25138016092448623
F14R:F63V,0.21452796733869786,0.28546607780874284
F14R:F63W,0.171560703974135,0.24328205153554144
F14R:F63Y,0.19997520258641904,0.27289944457627585
F14R:F66C,0.20322643611286867,0.41916441954135225
F14R:F66I,0.20351634729973886,0.41369295284850754
F14R:F66L,0.2275325476159379,0.44081578187877274
F14R:F66M,0.17675597056313458,0.4383827575085305
F14R:F66W,0.2357777000484386,0.3291902546258898
F14R:F66Y,0.22959724512623783,0.3200128954937134
F14S,0.1753248392586561,0.24783631615901539
F14S:F63C,0.1781158241648618,0.27273423406393665
F14S:F63I,0.20317468112840692,0.26625537397928095
F14S:F63L,0.20402668091622167,0.2279040382730393
F14S:F63W,0.22770549540743562,0.26457581120722207
F14S:F63Y,0.180361196623431,0.2652651075797645
F14S:F66L,0.1969396019829763,0.5321084282332247
F14S:F66W,0.21186289347470597,0.23038388345204167
F14S:F66Y,0.18410320568566563,0.2508884329404235
F14T,0.2147358051838588,0.3812032009004589
F14T:F63C,0.18655683388512043,0.5286288045276057
F14T:F63I,0.20470427066740685,0.579190853462867
F14T:F63L,0.20982079399401232,0.49194515590954385
F14T:F63M,0.20295232984221814,0.42309821730845554
F14T:F63V,0.1809850437054457,0.6058584999051975
F14T:F63W,0.2189975152121282,0.40355592389900935
F14T:F66C,0.17584083979107626,0.41336571879749306
F14T:F66I,0.17667698978962734,0.4888966350689442
F14T:F66L,0.18707067937680924,0.5789994044426492
F14T:F66W,0.17079152119484065,0.3949415365684403
F14V,0.20149375228311797,0.36449337516931507
F14V:F63C,0.20206924409693444,0.41455760266728875
F14V:F63I,0.2003793422686114,0.4991118005033277
F14V:F63L,0.20666241230711616,0.47728321836228427
F14V:F63M,0.20178253448910738,0.418928188081469
F14V:F63V,0.19014662754245412,0.3325556714234553
F14V:F63W,0.22359664230878362,0.38576606261486607
F14V:F63Y,0.2053622407006337,0.4074958905273985
F14V:F66C,0.19658234528263588,0.4440145853616522
F14V:F66I,0.23517425543877793,0.6586400985373485
F14V:F66L,0.19382507587009834,0.3818253499544388
F14V:F66V,0.22444443693634678,0.45142709978540396
F14V:F66W,0.20802366570394729,0.3808063113615443
F14W,0.18453051704234238,0.32093500156387905
F14W:F63A,0.1809074093842276,0.3945107404562143
F14W:F63C,0.18517029298476734,0.35973987445948696
F14W:F63D,0.16788555371115066,0.3543180564254189
F14W:F63E,0.16453625490215137,0.3226221313050368
F14W:F63G,0.20877672895460714,0.44298504085758394
F14W:F63H,0.21578726402839335,0.4061697284254842
F14W:F63I,0.25700672702472066,0.33572265216135977
F14W:F63K,0.191311241071976,0.3229609147984393
F14W:F63L,0.20430914032243508,0.2880457705388599
F14W:F63M,0.17618311034550901,0.3363933658650674
F14W:F63N,0.19925019141723446,0.2794523038505335
F14W:F63P,0.1714441134295231,0.45199122372931744
F14W:F63Q,0.1792991988639914,0.3652862373668536
F14W:F63R,0.21180832538055971,0.3208171228208862
F14W:F63S,0.21849310095779434,0.2469302684303104
F14W:F63T,0.18326215810252997,0.43019915181913937
F14W:F63V,0.1582697483404611,0.30259091847250186
F14W:F63W,0.1995755381831031,0.3412289368318135
F14W:F63Y,0.1949378603947977,0.41725284085071296
F14W:F66A,0.15679034327038305,0.48166688584519946
F14W:F66C,0.1815713801293277,0.4511731195810575
F14W:F66E,0.17715013243513705,0.43638332042075273
F14W:F66I,0.1724633462263479,0.439332586372739
F14W:F66K,0.17629343975227327,0.5334414025083494
F14W:F66L,0.2044152931355453,0.35401149920664027
F14W:F66M,0.18738425674189912,0.4429041152648219
F14W:F66N,0.18117749523915241,0.40011936910812645
F14W:F66P,0.20107406942731973,0.39722184231574825
F14W:F66Q,0.1735807974405012,0.4831642368062224
F14W:F66R,0.20442098913126489,0.3857346090207225
F14W:F66S,0.1773075397349445,0.45069200934170295
F14W:F66T,0.18145915988509678,0.4630498650211856
F14W:F66V,0.1682168047065207,0.4105393095073327
F14W:F66W,0.16972226071296387,0.24895446961294712
F14W:F66Y,0.19865395202731975,0.25422460008161346
F14Y,0.1766257965291111,0.2558037645348856
F14Y:F63A,0.19366502102928604,0.27332495559300213
F14Y:F63C,0.1654793293676365,0.3199926302982773
F14Y:F63D,0.17465148235564598,0.30177063287588307
F14Y:F63E,0.19382496995411352,0.28974592036040037
F14Y:F63H,0.1765194243416903,0.22887676878259247
F14Y:F63I,0.1889972198882589,0.28375237958491617
F14Y:F63K,0.18749900257821153,0.22127156429502806
F14Y:F63L,0.1966109221245751,0.27675070217849634
F14Y:F63M,0.17884613254391038,0.2739662110906097
F14Y:F63N,0.19543348756445342,0.2727437411557601
F14Y:F63P,0.19038050085986943,0.29647318350076074
F14Y:F63Q,0.2021217778917355,0.2996839994673952
F14Y:F63R,0.154280122569238,0.34581677804208777
F14Y:F63S,0.21356133508358535,0.33124919158133354
F14Y:F63T,0.17620594044673155,0.2835962260859169
F14Y:F63V,0.1884458454642184,0.2993049121361546
F14Y:F63W,0.19521659914861625,0.2937557855041107
F14Y:F63Y,0.1708757296271187,0.2898272526532242
F14Y:F66A,0.18480308717943467,0.36344315706351926
F14Y:F66C,0.19643284141090925,0.3836230866319413
F14Y:F66I,0.1805400775760713,0.42721296115571467
F14Y:F66L,0.21909513226125824,0.5014690812895584
F14Y:F66M,0.18411330733866968,0.3988353993066016
F14Y:F66V,0.16286482514908865,0.36364165998300063
F14Y:F66W,0.16541533469947173,0.2536682238456273
F14Y:F66Y,0.18743856696098166,0.24292976627841922
F17A,0.1676459500351297,0.284131042010179
F17C,0.17605359672109483,0.2205938645753937
F17D,0.17001248435866062,0.2566936219221329
F17E,0.21952453475312858,0.26390958440007073
F17G,0.21695820351315498,0.21839637265427178
F17H,0.28410906818981724,0.2721700196818757
F17I,0.17112327756856138,0.20281234162974288
F17K,0.1854714456955326,0.2451028279554631
F17L,0.21620974634073348,0.2659503175218197
F17M,0.1580737263106933,0.22249908226475093
F17N,0.2510309927178412,0.2505799363105788
F17P,0.18818841786617452,0.3232011068385164
F17Q,0.21364898568056204,0.24917376751997466
F17R,0.1591323316751116,0.24150727688741452
F17S,0.17577733484410096,0.29990999982087757
F17T,0.18773811384946804,0.21669837685096974
F17V,0.20556649998890755,0.21655592262013315
F17W,0.21044896285500164,0.28664605444416436
F17Y,0.20671871343890738,0.22909952412253667
F39A,0.1686009634982383,0.2187365821878197
F39C,0.18851956994654093,0.21806646688090092
F39D,0.18261733732180552,0.2368535578446381
F39E,0.17379354989991308,0.21723022553115653
F39G,0.183757081673504,0.2199795247519083
F39H,0.19539202895570973,0.2415359290721914
F39I,0.19975656642794154,0.21671961278945903
F39K,0.16676282022866498,0.2185602613859999
F39L,0.1767750492583753,0.21434587207473327
F39M,0.18309993190585902,0.21314435162427692
F39N,0.1499254534237019,0.22416564697680708
F39P,0.19084739172844625,0.35844267568880533
F39Q,0.17090955887810355,0.21758440583841385
F39R,0.19779245723569752,0.2189812534399072
F39S,0.19574039232646562,0.2457840726305931
F39T,0.1535083971054331,0.22327936825964192
F39V,0.15866783862885595,0.21818505036580307
F39W,0.18969222060449878,0.21783117253739398
F39Y,0.16730906820096708,0.2233511950118936
F63A,0.18918324041813403,0.22471686144762484
F63C,0.20705247638284285,0.267600133518685
F63D,0.16400303073063877,0.2541330003469954
F63E,0.1921739734164107,0.23912356440681398
F63G,0.18636071726829742,0.26466814860526683
F63H,0.17860934443978246,0.21717969156218173
F63I,0.1738509546157583,0.24178927808697132
F63K,0.1688302777331575,0.21499888588077262
F63L,0.18574893510671028,0.23848730262983212
F63M,0.21064786510910394,0.2351210806480753
F63N,0.15868887172314156,0.2693892507096074
F63P,0.1526063490317002,0.2522011963324071
F63Q,0.18800355325851317,0.25513237437293323
F63R,0.1753958798558549,0.25543061199861494
F63S,0.1779614900023306,0.22453279945641227
F63T,0.22411708580736298,0.2744083673113348
F63V,0.1760432289054175,0.2586371347055303
F63W,0.15412339494238536,0.2569162349445471
F63Y,0.1980989497701314,0.28242656410366884
F66A,0.18788608489173023,0.3804052338975159
F66C,0.16568452782340676,0.4046230830991718
F66G,0.17154486825450121,0.353541560684082
F66I,0.16942957295404215,0.4455500412469282
F66L,0.21280533485661648,0.3844146729022647
F66M,0.21321865754054797,0.3937616810564105
F66R,0.1588889659135233,0.4303058751203579
F66S,0.16397129453584167,0.39759742039134777
F66T,0.15915671911377155,0.3927940401542204
F66V,0.18616730391921074,0.5108552933983197
F66W,0.15662615088488954,0.2501116905544016
F66Y,0.22954869972405906,0.23063295200316855
G1A,0.20228921852924928,0.23055105912337034
G1C,0.19606782031872644,0.2328531619601678
G1D,0.2202415238412589,0.23166465584454318
G1E,0.16332069834362603,0.22868298452168997
G1F,0.16393408528532244,0.23872525108549414
G1H,0.1783266690061521,0.2351830488778826
G1I,0.18378802210480774,0.2324216509238792
G1K,0.20592831724572583,0.23095612843251856
G1L,0.18645677767763455,0.23851844195873162
G1M,0.19361814813302933,0.2258789295345638
G1N,0.1743004587004578,0.2355305652290661
G1P,0.1889684735765771,0.23107875794423585
G1Q,0.17979695208239058,0.2406674279630423
G1R,0.1648838247354223,0.23912886734747604
G1S,0.17409900674407633,0.24637578931053158
G1T,0.18451166452987444,0.23350480923117886
G1V,0.20282261101460272,0.23028194917342892
G1W,0.17044099699058987,0.24025534526845085
G1Y,0.1559294917832982,0.23300921160285812
G21A,0.1714179775389089,0.2332334013738393
G21C,0.24686415209559362,0.23167513486595392
G21D,0.22009393017553885,0.23006786131095014
G21E,0.23693108954219125,0.22456652108361103
G21F,0.22154108158577782,0.2224782819878959
G21H,0.17253355656229322,0.22554923379291905
G21I,0.19216972181913022,0.22431602761405572
G21K,0.1790780799353634,0.22632502339817834
G21L,0.18151901424026645,0.22535233391280568
G21M,0.16788375610855752,0.22513946365181509
G21N,0.18116130657161023,0.23230655838750383
G21P,0.23685355111542047,0.22867961328800118
G21Q,0.18313741937639977,0.22505770484133014
G21R,0.20157010367406664,0.22681483502355415
G21S,0.19902989797388543,0.22753423406997725
G21T,0.1552469106427693,0.22347015723046912
G21V,0.17773119451344058,0.22777919583947046
G21W,0.2001315445637081,0.21734093609794158
G21Y,0.1968517655083978,0.2170961946847664
G23A,0.20803859608929112,0.23069905652737638
G23C,0.20171725498906895,0.23362324759821912
G23D,0.21281122213336306,0.22639936505571162
G23E,0.20907493955398163,0.2248762022179052
G23F,0.18755263650739679,0.23771330148785044
G23H,0.2239181693457401,0.22707080882911873
G23I,0.19546218515503294,0.24032717228663805
G23K,0.19674800015772004,0.2316802890404479
G23L,0.19245107158432623,0.23216288533926566
G23M,0.17468019578882435,0.23270344684834443
G23N,0.20131146494366228,0.22680652362982595
G23P,0.2226448033000988,0.2588622594015071
G23Q,0.18068084631791,0.2247334040254428
G23R,0.16278542503034452,0.2337155702995891
G23S,0.16715534972845583,0.2289553832565656
G23T,0.21708023297092094,0.22889271103987732
G23V,0.18063082041389433,0.238910540705477
G23W,0.20410676280745677,0.2397340450073499
G23Y,0.2142445239750322,0.24087675886094512
G38A,0.19753362766901755,0.22539797343670362
G38C,0.21250278216558594,0.2328848219209085
G38D,0.16527258007993173,0.2239359508342744
G38E,0.17608847319930698,0.2268903555200364
G38F,0.1450972410412231,0.23402881199442102
G38H,0.18866891006106157,0.2281461894466567
G38I,0.23458514107294415,0.5378475313007993
G38K,0.2030286570450707,0.22780121464686137
G38L,0.24146335074801997,0.23144492895621777
G38M,0.18288918135332144,0.23019032149427301
G38N,0.17884893080622247,0.2268075213134707
G38P,1.6587327982215547,9.347805613230186
G38Q,0.17548318343979805,0.2308009580214435
G38R,0.17601366413137665,0.22916969739411033
G38S,0.18214277354946168,0.22615467355019386
G38T,0.21209783598489065,0.23131766618235558
G38V,0.25053623426755733,0.5140516108678127
G38W,0.2143847930779633,0.22588471518758357
G38Y,0.16095744749853277,0.2295476449143448
G57A,0.18017022409301228,0.23422452676750852
G57C,0.21118900895488152,0.23355642432014406
G57D,0.19746154047964215,0.23347084113927347
G57E,0.1929851539900801,0.23563836340070413
G57F,0.1807493642633367,0.22855431620316372
G57H,0.20276153067054262,0.23749394655875714
G57I,0.18557885369517318,0.23154875809044456
G57K,0.17533757175668516,0.23482928210096138
G57L,0.17228224277729992,0.23940042016000107
G57M,0.20406472373786239,0.22874417008636508
G57N,0.2319070626692423,0.23269177315535358
G57P,0.17389626617819995,0.22960342747566242
G57Q,0.19749104250045416,0.23454290595208185
G57R,0.1973909489274559,0.23408450675087752
G57S,0.2201816780101754,0.23189434415828722
G57T,0.1928658222874054,0.23529875591442218
G57V,0.20635645613596865,0.2332538550922907
G57W,0.21114881865258492,0.23137380103182842
G57Y,0.17363877267298938,0.2349301417256942
G59A,0.16688103131408125,0.21473554827069194
G59C,0.17522548752666406,0.2116007914353188
G59D,0.1601052520597952,0.21470092210738828
G59E,0.16838602752666507,0.2148606616642853
G59F,0.23756286399818927,0.21226652849298594
G59H,0.22543920328266479,0.20847332939435712
G59I,0.18908513940630992,0.21049806113603578
G59K,0.17259043587392184,0.21577308307315546
G59L,0.16544268150827515,0.2117769701787678
G59M,0.18963267700294045,0.21331347442076182
G59N,0.17893713489863924,0.21687612112211885
G59P,0.17134755775528632,0.23048125923893706
G59Q,0.18860504844621712,0.21641381887592467
G59R,0.202583362192951,0.21554621620711475
G59S,0.203031875749316,0.2145295879797346
G59T,0.18338282774598086,0.21468615506114502
G59V,0.20097359921700833,0.21182647956398465
G59W,0.16366346209462498,0.2167583660358509
G59Y,0.17818197843923797,0.21581445249866382
I10A,0.20377332512584184,0.2966094714273774
I10A:M70A,0.2516286898914603,0.29107082269927076
I10A:M70C,0.17178479966398374,0.31684723477952764
I10A:M70D,0.23201118856269443,0.5883601636985657
I10A:M70E,0.186264593059517,0.31458719446995015
I10A:M70F,0.28386996685832455,0.31879754296482504
I10A:M70G,0.2600632145469323,0.2913791395575435
I10A:M70H,0.1967817102186656,0.30723593940535454
I10A:M70I,0.17671776461558814,0.2705121522491911
I10A:M70K,0.18088975246249409,0.3334374088351702
I10A:M70L,0.1874528259923552,0.32071626428458183
I10A:M70N,0.19889734205116302,0.30333050086201135
I10A:M70P,0.17754060916083647,0.6581894739395477
I10A:M70Q,0.24018147131573786,0.30575975284886026
I10A:M70R,0.24142025192625963,0.33401274694050037
I10A:M70S,0.22138207266404947,0.28765186136184084
I10A:M70T,0.17143819972850866,0.2847601307315721
I10A:M70V,0.20728120217802842,0.30374125425020665
I10A:M70W,0.18853047214180382,0.2843322830806932
I10A:M70Y,0.1781198240769442,0.3133209056784692
I10C,0.17290416528695954,0.28976097331915124
I10C:M70A,0.16071855016234604,0.3161798683721467
I10C:M70C,0.17423911172537213,0.379637844319117
I10C:M70D,0.24709503191677595,0.6125642752171314
I10C:M70E,0.23463214191011725,0.33199204300447815
I10C:M70F,0.21641390790856324,0.2364384110625322
I10C:M70G,0.16495665861339015,0.3170992152123551
I10C:M70H,0.21705115071223838,0.26973924504416136
I10C:M70I,0.20301768807576576,0.2748057550379524
I10C:M70K,0.21781707518482515,0.3289961272033809
I10C:M70L,0.1953582179677843,0.21998392064528283
I10C:M70N,0.20011208326312116,0.33488547704997523
I10C:M70P,0.1845398332120862,0.6639439484979627
I10C:M70Q,0.18715839713114524,0.2974667016635174
I10C:M70R,0.17001090974578306,0.3740051470631327
I10C:M70S,0.1803832625179891,0.3030859425599201
I10C:M70T,0.19600779646492875,0.2839499717808977
I10C:M70V,0.16954498469919485,0.24317018999007872
I10C:M70W,0.19369848658747904,0.3059025376042025
I10C:M70Y,0.18507739218109487,0.29787260595155846
I10D,0.17151657940541482,0.25201283087199294
I10D:M70C,0.20367691445513333,0.23330734674052184
I10D:M70F,0.23432649534258052,0.26747783705636635
I10D:M70I,0.20798129870078838,0.36060567798400117
I10D:M70K,0.24373447992908898,0.3235841370884552
I10D:M70L,0.17989751452858488,0.28266173314377147
I10D:M70R,0.21223590569919693,0.28832086607121293
I10D:M70V,0.19916237724799604,0.2846378767609923
I10D:M70W,0.2279696692773971,0.35805598408079226
I10D:M70Y,0.19492316904878734,0.36445844200656485
I10E,0.2112515045948083,0.2522221202026552
I10E:M70A,0.2183846704980988,0.28811901947445573
I10E:M70C,0.19695496626960657,0.24341247652427983
I10E:M70F,0.2217645031019147,0.2557430744409129
I10E:M70I,0.19424320893942545,0.2273832692944646
I10E:M70K,0.23817228634395948,0.3211769384505066
I10E:M70L,0.21795967981403072,0.2950122306687467
I10E:M70R,0.18953448165536646,0.30185196401674125
I10E:M70S,0.1739112015540327,0.27819295018843443
I10E:M70V,0.18333327459196144,0.24524376078030966
I10E:M70W,0.16912185081530842,0.2745852829695036
I10E:M70Y,0.253369336926472,0.33387616061634556
I10F,0.18172381584985917,0.2193515424809454
I10F:M70A,0.1995018151997769,0.23290583430519826
I10F:M70C,0.1788010065431737,0.22485386471680652
I10F:M70D,0.2227851246756952,0.5798407651761266
I10F:M70E,0.1836558672576842,0.3669829555089594
I10F:M70F,0.26170352992011714,0.304748892193101
I10F:M70G,0.21638831155620147,0.22235715611995555
I10F:M70H,0.1844216301153854,0.3523303607907663
I10F:M70I,0.2115978863071013,0.21852871439480126
I10F:M70K,0.18679540991083352,0.3424558782320915
I10F:M70L,0.18400878747546662,0.2608005208267672
I10F:M70N,0.2053741992726873,0.24925626516242902
I10F:M70P,0.19325464608139759,0.6309357177890106
I10F:M70Q,0.19444277456588546,0.2636093246850908
I10F:M70R,0.23723025824039468,0.46142878456803854
I10F:M70S,0.2125415919483069,0.24741562926540178
I10F:M70T,0.2089667200983125,0.2352365430692428
I10F:M70V,0.1746888277481565,0.21701232199758227
I10F:M70W,0.2199814408004273,0.2648831364150476
I10F:M70Y,0.21236409274749926,0.31845709887357004
I10G,0.18821579232539007,0.24565123090183624
I10G:M70A,0.17808147725451315,0.2350915767290308
I10G:M70C,0.19762246871223288,0.2596067248851132
I10G:M70F,0.17064655523675434,0.31050301073933706
I10G:M70H,0.22867076995588553,0.29062230223421864
I10G:M70I,0.18988039979601243,0.25454900590014934
I10G:M70K,0.19773906101065788,0.3399198298857432
I10G:M70L,0.19157326922035978,0.3160642727507808
I10G:M70R,0.21136350051787603,0.3082856567765777
I10G:M70T,0.16662259305875377,0.24339262765101485
I10G:M70V,0.17663279090393313,0.24556806715336496
I10G:M70W,0.19046402729337303,0.2912971234209844
I10G:M70Y,0.1595421368127254,0.27498152718486507
I10H,0.16340565870077284,0.21985287748387278
I10H:M70A,0.19942687385871632,0.22582394193295616
I10H:M70C,0.1820396298692698,0.21296603604350414
I10H:M70F,0.19325692987736043,0.3076854656304474
I10H:M70G,0.18896310169573416,0.2945071517680485
I10H:M70H,0.16764314360770394,0.3250981674495571
I10H:M70I,0.21724237436439667,0.21588728251223827
I10H:M70K,0.2791091522851653,0.4027524765608062
I10H:M70L,0.22665859213417644,0.2233699576341089
I10H:M70N,0.1857868075242083,0.22466430098672938
I10H:M70Q,0.19794464837653775,0.2177326040861462
I10H:M70R,0.20697084052104986,0.3809379924640379
I10H:M70S,0.19645220192354193,0.2355759212923856
I10H:M70T,0.1914303714857467,0.23510548039641516
I10H:M70V,0.19976128780342964,0.21030774985099357
I10H:M70W,0.18457143450715627,0.2564909009998891
I10H:M70Y,0.2233055200590657,0.27167442563824706
I10K,0.17456131619874565,0.24377253245552996
I10K:M70A,0.166336294700452,0.2646153307916276
I10K:M70C,0.1682230885097379,0.24090387008843045
I10K:M70D,0.213900570972855,0.6742346825356466
I10K:M70F,0.2697152422228691,0.22973247980518025
I10K:M70G,0.192573037790915,0.4207065474867276
I10K:M70H,0.23694045369099487,0.72054885615867
I10K:M70I,0.20109267745674528,0.291024515398959
I10K:M70K,0.21316925168279494,0.6637953735475317
I10K:M70L,0.21865265486614388,0.24454827217296307
I10K:M70N,0.18855993869996276,0.7523862864151288
I10K:M70P,0.20340361249325342,0.2770594280880758
I10K:M70Q,0.18090773793531012,0.7079740635735193
I10K:M70R,0.17880911798855587,0.7266749060469692
I10K:M70S,0.1997010923072311,0.2653822497390827
I10K:M70T,0.19095613990566282,0.23447680475326566
I10K:M70V,0.1969170572970972,0.2424670404839674
I10K:M70W,0.19103771362340644,0.2942769037626777
I10K:M70Y,0.18655876518281636,0.2955003949565315
I10L,0.1782213155472192,0.21739882348137982
I10L:M70A,0.23927300962146583,0.3088430115487859
I10L:M70C,0.20337669852438048,0.2621575615213053
I10L:M70D,0.17687494308001342,0.624863967599309
I10L:M70E,0.2279006548971553,0.48705012462205227
I10L:M70F,0.2558785345537847,0.24030073291277054
I10L:M70G,0.18763673338611733,0.37327932035810024
I10L:M70H,0.1811136136010392,0.3525290679510774
I10L:M70I,0.19653895566646795,0.28247013426663203
I10L:M70K,0.22208487970245047,0.33804558177948574
I10L:M70L,0.19057085384765873,0.22564277358807858
I10L:M70N,0.1866327645230075,0.32940582209989894
I10L:M70P,0.15764533526083374,0.6711605111708365
I10L:M70Q,0.27195686956577103,0.32569745068342215
I10L:M70R,0.2081303041637862,0.5202245020460601
I10L:M70S,0.19141554134632247,0.2855299159041555
I10L:M70T,0.19028395504309192,0.2757117527096956
I10L:M70V,0.19329042729652812,0.27164798300650084
I10L:M70W,0.20678942165406003,0.36246871250753326
I10L:M70Y,0.2032712562443585,0.3131964912672126
I10M,0.1820366111459385,0.24213718363691453
I10M:M70A,0.22855605960379982,0.2703187230069706
I10M:M70C,0.2265038885548325,0.24107288130137253
I10M:M70D,0.18070625936404502,0.433273827803106
I10M:M70E,0.2109970638063877,0.453728204350786
I10M:M70F,0.19582014877263956,0.23691187084691828
I10M:M70G,0.19211317309822692,0.35642999697973593
I10M:M70H,0.19610483836356543,0.3569090678454534
I10M:M70I,0.21873675907578072,0.22246824457871006
I10M:M70K,0.2496893603282536,0.3937696320441378
I10M:M70L,0.18007628840228515,0.23993636147500913
I10M:M70N,0.1729404636613411,0.301096863839483
I10M:M70P,0.2246467555578703,0.6610755588068279
I10M:M70Q,0.15446930098139894,0.30369359970782434
I10M:M70R,0.21314415322740587,0.4521557361766974
I10M:M70S,0.18784933098349638,0.280891992686417
I10M:M70T,0.19581364705061652,0.24661938279569176
I10M:M70V,0.18745307960061774,0.22040700879124425
I10M:M70W,0.22572699711413438,0.3103188016691402
I10M:M70Y,0.20245644210169897,0.3002604242372302
I10N,0.1858806591839902,0.25876294950035533
I10N:M70A,0.15110507277543633,0.28173304473255273
I10N:M70C,0.2037471533242885,0.2419673428987437
I10N:M70F,0.19684006913863752,0.298624814681845
I10N:M70I,0.19442630135899014,0.23797920888727292
I10N:M70K,0.17757860441871876,0.3120143328116554
I10N:M70L,0.20915794013212735,0.22335065589758465
I10N:M70R,0.2133716441269805,0.2893327823501711
I10N:M70V,0.1880720679041288,0.23886645127301845
I10N:M70W,0.20567684034946576,0.3099736655176581
I10N:M70Y,0.21630172499078398,0.29339749474489873
I10P,0.1925761833915569,0.5077841068378356
I10P:M70A,0.2252460045255506,0.416738422794807
I10P:M70C,0.21654437430986045,0.3964227299829126
I10P:M70F,0.2544653161180337,0.5266284155350883
I10P:M70I,0.20599910952241218,0.39174690965652487
I10P:M70K,0.23524787976826486,0.7701439737654583
I10P:M70L,0.20335663169405024,0.40171807845631236
I10P:M70R,0.22072573154363576,0.7511173295021333
I10P:M70V,0.18985138737027363,0.4045668066158121
I10P:M70W,0.20576064652785755,0.42061707779624496
I10P:M70Y,0.25827974781015794,0.441431115878709
I10Q,0.18162804455983866,0.24442781664561428
I10Q:M70A,0.18791443476004607,0.29554424760048154
I10Q:M70C,0.1840230977762257,0.24276728382901017
I10Q:M70F,0.1864701631555044,0.31855977933334684
I10Q:M70G,0.17936644021780795,0.31935951882662583
I10Q:M70H,0.2185527126943474,0.3274622975034567
I10Q:M70I,0.17636583747806497,0.27171791396392947
I10Q:M70K,0.22836223948684722,0.34883365553405166
I10Q:M70L,0.2077774657092831,0.26277394445137203
I10Q:M70N,0.21779658119181558,0.2676596340677353
I10Q:M70Q,0.18373929651993007,0.27001579349104504
I10Q:M70R,0.24496904921112794,0.40942443076528434
I10Q:M70S,0.1631666178438807,0.2747712924451383
I10Q:M70T,0.21115891698629288,0.23351323036736624
I10Q:M70V,0.16899184987581756,0.2527262393901219
I10Q:M70W,0.19366604305433988,0.2576689997989893
I10Q:M70Y,0.18052865033656632,0.27241032185147057
I10R,0.1736846549341226,0.24415667444213834
I10R:M70A,0.21740835185917695,0.28077491925553494
I10R:M70C,0.19420879127651894,0.24820950214988993
I10R:M70D,0.18213905777792058,0.6118628492622655
I10R:M70E,0.20819696906865798,0.6193904343881215
I10R:M70F,0.17434260967051482,0.3299013338110071
I10R:M70G,0.2651533482616839,0.44305373071133564
I10R:M70H,0.18156121481889,0.6442181239046144
I10R:M70I,0.27197811989575843,0.32069474038260626
I10R:M70K,0.2294643779062082,0.6419236098733103
I10R:M70L,0.17240479499290248,0.24465080328479477
I10R:M70N,0.2618352125214196,0.6583542760759907
I10R:M70P,0.1923239144581735,0.774915041028337
I10R:M70Q,0.23643815930945436,0.6662440038523506
I10R:M70R,0.22651786314873013,0.6847765754866055
I10R:M70S,0.20136165914323434,0.262763587075674
I10R:M70T,0.18294420374768927,0.24646190388428277
I10R:M70V,0.193607818532338,0.3232464993497382
I10R:M70W,0.19447881020011004,0.2885916563756602
I10R:M70Y,0.18235820966521052,0.2874040698015291
I10S,0.18854151739931466,0.251994471212665
I10S:M70A,0.1882257513326194,0.3014917341083926
I10S:M70C,0.1899114408648357,0.30093452295734
I10S:M70F,0.1994316776180868,0.35920069642089436
I10S:M70G,0.20030169357251199,0.2903283204082318
I10S:M70H,0.20409319063100717,0.2978748368128641
I10S:M70I,0.18328652917550434,0.2667284656308893
I10S:M70K,0.19560545875627916,0.322239076894502
I10S:M70L,0.18341254534915385,0.3083924926318072
I10S:M70Q,0.1812846780821406,0.315504134011164
I10S:M70R,0.1858293984628809,0.3276067884974355
I10S:M70S,0.1900078548626829,0.287386783505104
I10S:M70T,0.20611195061152873,0.2723581858470286
I10S:M70V,0.24617144118663892,0.2770056120460274
I10S:M70W,0.15800414069436416,0.3255706436157239
I10S:M70Y,0.19017914149991322,0.3149611739871449
I10T,0.15017022631008461,0.2432119035094268
I10T:M70A,0.1794885040281976,0.32067251704908095
I10T:M70C,0.1721668028486594,0.2906685478935507
I10T:M70F,0.27253799634035897,0.24436969868802944
I10T:M70H,0.20262836152063976,0.3309944387998174
I10T:M70I,0.1913965003447108,0.2991495420798756
I10T:M70K,0.20626627490631108,0.298302227836457
I10T:M70L,0.20078769691644957,0.3197791984663395
I10T:M70Q,0.2128209040410848,0.3320629806838663
I10T:M70R,0.15614816166998105,0.32335588399188575
I10T:M70S,0.1562831980988098,0.3080179189953736
I10T:M70T,0.2556014602976918,0.29583042300409884
I10T:M70V,0.22168188302517092,0.30224037689430533
I10T:M70W,0.16059467721427761,0.3368015845950513
I10T:M70Y,0.17667479091590022,0.26643672957921316
I10V,0.17777440985838636,0.23665865889572965
I10V:M70A,0.1730446927895743,0.29802195589930436
I10V:M70C,0.17063979888641828,0.24380193060745795
I10V:M70F,0.1730114366008123,0.24820035092768614
I10V:M70G,0.19968279794040644,0.28877493592666564
I10V:M70H,0.1846726440600783,0.31443388544708706
I10V:M70I,0.16114476045055784,0.2863462207811841
I10V:M70K,0.1851906403630379,0.2793120534660451
I10V:M70L,0.17669606561602366,0.30121300671048373
I10V:M70N,0.18701958732188523,0.3429147695740547
I10V:M70P,0.2677193810797256,0.6261701256858185
I10V:M70Q,0.17943277346585473,0.28554930964947695
I10V:M70R,0.1905940219623855,0.2734196299936468
I10V:M70S,0.1743910320890574,0.2539695713377737
I10V:M70T,0.1876982336705677,0.2925209680026037
I10V:M70V,0.2459091498244382,0.28987673750162674
I10V:M70W,0.18761053600143432,0.29712347793037935
I10V:M70Y,0.17947663954479223,0.28926710410279816
I10W,0.24909287444754685,0.22097982198009744
I10W:M70A,0.2102223449908745,0.22552250634952808
I10W:M70C,0.20299345667595978,0.22639224586823925
I10W:M70D,0.17874454558620365,0.3721061024292353
I10W:M70E,0.16757770993934887,0.34485999930478173
I10W:M70F,0.2325557742929172,0.24851320365516458
I10W:M70G,0.21283510875953052,0.3045641046873898
I10W:M70H,0.24747484888939383,0.36159188392418096
I10W:M70I,0.20827453962307632,0.2572990450510401
I10W:M70K,0.20611530679393233,0.3487490227647564
I10W:M70L,0.25836759412316995,0.26041091047203696
I10W:M70N,0.21715671638834955,0.26534866930145873
I10W:M70P,0.19077732863291322,0.6375925063356352
I10W:M70Q,0.21605491861270928,0.3614213918596211
I10W:M70R,0.17851451831300708,0.4137239884619335
I10W:M70S,0.19855446401570143,0.2718612352035843
I10W:M70T,0.19288611675297485,0.2328992044695877
I10W:M70V,0.18995003447934633,0.2210260328109762
I10W:M70W,0.21528126991881613,0.2536348622962704
I10W:M70Y,0.22995600701820937,0.3536773211416544
I10Y,0.23559422443325925,0.21799785026345245
I10Y:M70A,0.23150377327889435,0.2861010087818019
I10Y:M70C,0.20705434998914532,0.22185875237707536
I10Y:M70D,0.1769294406708329,0.3396917768976443
I10Y:M70E,0.17990728053584715,0.3673687825538912
I10Y:M70F,0.18426848083191605,0.3315050410878524
I10Y:M70G,0.18064126886249604,0.26975364635580096
I10Y:M70H,0.17139180261946022,0.3920423903450152
I10Y:M70I,0.16676415239502632,0.22469554011753168
I10Y:M70K,0.183420309483654,0.352713272781139
I10Y:M70L,0.18593718084864375,0.23460264725059674
I10Y:M70N,0.20205595722066547,0.24685230001083683
I10Y:M70P,0.28118606571931526,0.6117763660908422
I10Y:M70Q,0.16990502006771596,0.29951271315381506
I10Y:M70R,0.22370655552591898,0.483628657662741
I10Y:M70S,0.2053580834235863,0.252844167609939
I10Y:M70T,0.16603284700171222,0.2379711688673241
I10Y:M70V,0.21461148353855525,0.20943030294863146
I10Y:M70W,0.21241291968667853,0.25582195065861646
I10Y:M70Y,0.20354236736564482,0.24454030652631786
I25A,0.22400316383211605,0.23577138561280925
I25C,0.22055040865382702,0.23375923525632633
I25D,0.19643800536073666,0.5194025071114641
I25E,0.20582231918457747,0.44404371219178723
I25F,0.18659747531933837,0.29715093902869927
I25H,0.2143336097459837,0.25173145565955146
I25K,0.21674014256659307,0.45481328497470197
I25L,0.1765542229407167,0.7800014019508837
I25M,0.1757616781272127,0.737743803252635
I25N,0.26778230698809297,0.2803300505813083
I25Q,0.18749389330291366,0.4889713359386678
I25R,0.1900014965170705,0.4500951764209047
I25S,0.1834306161262613,0.2509379929571638
I25T,0.1647526180908949,0.23103361022456678
I25V,0.15712835360951036,0.2268220951092453
I25W,0.17578746929610672,0.33338801125029605
I25Y,0.1617786676113951,0.3325708569119639
I46A,0.16154835549177296,0.23958074923664027
I46C,0.22108967508261881,0.3935265221212308
I46D,0.2154720503546945,0.3455014323618589
I46E,0.22693466547656438,0.307273732975636
I46F,0.17658898865369066,0.4251800535134237
I46G,0.22991434642865213,0.3123519225826293
I46H,0.1843762552212572,0.4221553428438052
I46K,0.19968165646843525,0.3181832735461364
I46L,0.1735588892042797,0.21197377401952372
I46M,0.14797352258567917,0.26745795641995695
I46N,0.20847950124342055,0.30068312207273873
I46P,0.20925989849273413,0.3013627510298636
I46Q,0.19948364896671844,0.3011246125989702
I46R,0.1702515741542119,0.28249403720000144
I46S,0.19106011219479074,0.24124751480619444
I46T,0.1845303998196126,0.24462390417076593
I46V,0.19782266742203866,0.22755113415919584
I46W,0.18619363761632632,0.34786288379776087
I46Y,0.1785183899639347,0.38980672380510034
I50A,0.19949735402378246,0.25835772169359944
I50C,0.21323083403799456,0.27797023619628497
I50D,0.16979323699297091,0.23732881854343968
I50E,0.16797053317913332,0.2721444998923729
I50F,0.17868636294383844,0.2695315261421395
I50G,0.18815037607584104,0.25766598182082323
I50H,0.19070970492414177,0.3455633477808014
I50K,0.2190874202761971,0.2910461515403051
I50L,0.18809751873239255,0.28031407791732094
I50M,0.1637159642316509,0.25407390861777185
I50N,0.20000787120749486,0.27698890711587165
I50P,0.20417219473650752,0.3474586410067837
I50Q,0.18364691874367486,0.28864800189379686
I50R,0.17469587641790452,0.24585145732233651
I50S,0.1655216373247443,0.2575876913835079
I50T,0.2572125664773319,0.26430867227867094
I50V,0.21154152967724388,0.24892245234789226
I50W,0.17512520610486407,0.2839430903108844
I50Y,0.17930693653821977,0.25245206855074503
I53A,0.19744902585481017,0.22718486039328697
I53C,0.21460859753577305,0.22916895914073485
I53D,0.19864811089282353,0.21381955122335092
I53E,0.20254531665306202,0.23758256632813377
I53F,0.18334742583308533,0.2537172696533684
I53G,0.16803865967124515,0.21863783225007372
I53H,0.1704300934725202,0.2116827185370493
I53K,0.1662198605690594,0.29059541517879817
I53L,0.21720135690903086,0.23819189297699656
I53M,0.22285232529444937,0.2559041220726641
I53N,0.15916841351972544,0.21934165070720854
I53P,0.19375521944341018,0.2769210270743504
I53Q,0.14561696971911722,0.2328684777651461
I53R,0.1712150232155466,0.2727756249262193
I53S,0.15828026979978332,0.21477735702267353
I53T,0.1564173540666145,0.24255498230326356
I53V,0.15312094385224728,0.22568766737775223
I53W,0.20078635609307732,0.2125452173355486
I53Y,0.18881718566068134,0.2638710547613275
I61A,0.17558948180127162,0.28525664094578035
I61C,0.15025299210287335,0.23547613234603784
I61D,0.1964421527070598,0.31837500588722834
I61E,0.17295398342666785,0.2654698078709121
I61F,0.17686805076468123,0.2723325000117738
I61G,0.18051934122626787,0.29155066196805446
I61H,0.14554248549030724,0.4041310903742366
I61K,0.16773189213783707,0.3734331081667837
I61L,0.1993349610435289,0.36316459362447057
I61M,0.17484287971038628,0.3190232545637261
I61N,0.17520155354826,0.34769083844340387
I61Q,0.1924417183155748,0.3402448358352565
I61R,0.22545473693396043,0.2891016160584984
I61S,0.1722544173171698,0.26078845636661974
I61T,0.17551454763439314,0.21663667596748623
I61V,0.16944294297695114,0.22242054256020938
I61W,0.19370875767965764,0.275169118216172
I61Y,0.15201587993725124,0.32124860013480927
K28A,0.19396645997136955,0.23289434186799846
K28C,0.20815434701112723,0.22853008978438155
K28D,0.17690694165310078,0.22893672876517865
K28E,0.19952897441868458,0.22324736631046765
K28F,0.1881614137881734,0.22587406131178986
K28H,0.19958584796316808,0.22197387197753526
K28I,0.1934888970065329,0.2253920458319523
K28L,0.19389595386489186,0.2239448352508337
K28M,0.18193336270372942,0.21972281071476235
K28N,0.21060498846720838,0.22343517685357112
K28P,0.22566348074008366,0.25006673569357785
K28Q,0.18538638033642318,0.2234362315700643
K28R,0.1789426593305784,0.22603652011590153
K28S,0.15333810767844258,0.23043040040612284
K28T,0.16498927745257874,0.22350220681323352
K28V,0.18407938342864108,0.22867558768838592
K28W,0.1776478479775868,0.2259494420879084
K28Y,0.18591278776644338,0.22681217985462
K31A,0.15050882495337942,0.23423798335719134
K31C,0.18273465431184954,0.2259892558378953
K31D,0.16915580505362277,0.2305673668413019
K31E,0.1651672388342637,0.22536387968225965
K31F,0.1734035034419196,0.2444480898326128
K31G,0.16411959490550404,0.24761706140962428
K31H,0.16811655604090203,0.24339526461854052
K31I,0.19206008609711683,0.21444720582965277
K31L,0.15563013228536104,0.2370609062320049
K31M,0.15285930492878533,0.22860153794102747
K31N,0.18750831404233148,0.23009078327363497
K31P,0.22507872465508247,0.2525851962159002
K31Q,0.15252236435492642,0.22694234337168326
K31R,0.18566655535446136,0.22519711059203554
K31S,0.1995725882452908,0.22638021398878633
K31T,0.1787734027463329,0.221758708568646
K31V,0.18756773015833833,0.22494169617643128
K31W,0.17701885883844565,0.24069120354710727
K31Y,0.17583307582605318,0.2523007690989631
K42A,0.16220402037244475,0.22586402602742295
K42C,0.182034971840573,0.24280879068838224
K42D,0.1779674208583784,0.24775450157447731
K42E,0.1783115077517153,0.21867751936414911
K42F,0.1683887724741056,0.2238585796868061
K42G,0.2570064223862644,0.2453767444325081
K42H,0.16524490076223988,0.23034791350045403
K42I,0.22173504548345488,0.2327390271719353
K42L,0.24585954839893645,0.22068581368661772
K42M,0.22198412201049694,0.2273062734181217
K42N,0.19402519837226032,0.24066144077690327
K42P,0.14654360855623663,0.2369360251565862
K42Q,0.18436746283539904,0.2277985452157933
K42R,0.15725166868736848,0.21730477318980845
K42S,0.24353395650335,0.2314353399086686
K42T,0.1799695019883434,0.2298952205158176
K42V,0.17585999550881568,0.22343949696042525
K42W,0.15478469181891275,0.23104932389221633
K42Y,0.16933860561836567,0.23483829185504324
K43A,0.19156814451991253,0.22701337643151506
K43C,0.2002324739404234,0.22545415531951318
K43D,0.17876271581181188,0.23016875899248318
K43E,0.22308111443451187,0.22215965699769105
K43F,0.19108834869066918,0.22087209652540019
K43G,0.17456421929774646,0.2295904522989604
K43H,0.17844580680091768,0.2206142034521769
K43I,0.20073006191919476,0.20930845971303674
K43L,0.17355634005397952,0.21259862694235737
K43M,0.17989802273875677,0.22173564456660155
K43N,0.21512895085384717,0.22662570252875308
K43P,0.17142603916155447,0.22756231347186492
K43Q,0.201393281376182,0.2198642791523136
K43R,0.16981382480534238,0.22466439240790498
K43S,0.1773745161092973,0.22832182066724155
K43T,0.21849161129779818,0.2277438048974167
K43V,0.1631659693044933,0.21522833119784285
K43W,0.1837198939690393,0.22566583473474638
K43Y,0.1562624743285171,0.226577409663623
K47A,0.1886182395823471,0.2258965366257973
K47C,0.1603333474608559,0.22941158366358633
K47D,0.19904781013055256,0.2253419919819122
K47E,0.2113230684581936,0.22083965658697416
K47F,0.18770068531807535,0.23036989501310945
K47G,0.17804533281399432,0.22991069855101723
K47H,0.1955166677655866,0.22805650956603205
K47I,0.22247985702679474,0.2223792922216573
K47L,0.17026931138727538,0.2236256977995244
K47M,0.18838398656387575,0.2233647814380857
K47N,0.19487404900557956,0.22209212925319047
K47P,0.20973569363584083,0.23281361234061637
K47Q,0.1684011104876504,0.22631544787688476
K47R,0.21749792704669965,0.2247120137799087
K47S,0.1709720552329783,0.22390552503785457
K47T,0.19195640705469932,0.22098945570785203
K47V,0.18584719886241804,0.22182245896174965
K47W,0.17476116943117523,0.22386061379127245
K47Y,0.15558480692019575,0.23578798580457147
K48A,0.18507509002693534,0.24021959991569125
K48C,0.18049483837480787,0.23704962652346354
K48D,0.18999649494038445,0.24361999018958788
K48E,0.16997185775259238,0.24220734923482223
K48F,0.18994718641667585,0.24039774945961614
K48G,0.18242826159323888,0.23894157133757254
K48H,0.17447231391650714,0.23144288860734477
K48I,0.1970584568951454,0.24538427285222159
K48L,0.16589947812832198,0.23800403900040415
K48M,0.208354766753979,0.24388925539174638
K48N,0.20392832519585846,0.2361081180888308
K48P,0.1835928731185491,0.23632677244290046
K48Q,0.1640059967521461,0.23378095314667377
K48R,0.16425721983385447,0.23554703144712189
K48S,0.2041205614762847,0.241794771277762
K48T,0.19762583210903362,0.2351025121369599
K48V,0.16865676833645862,0.24270969959679523
K48W,0.19626700935536362,0.24574492270024942
K48Y,0.18217263418204807,0.24258123615065852
K55A,0.2216176720057637,0.2322041594778499
K55C,0.18889731154402348,0.24645640327654372
K55D,0.2032164790176169,0.23731785327777644
K55E,0.19378581665754735,0.23348878659363612
K55F,0.22918504016750676,0.21861018119110873
K55G,0.24485546059033025,0.26426227365051247
K55H,0.18215759948960816,0.22924867329353574
K55I,0.17195957958340055,0.2255782000531254
K55L,0.1845270087708475,0.2233560756162983
K55M,0.20732373605318852,0.2307776093555933
K55N,0.17942977960031217,0.21923250618950402
K55P,0.1964693560610631,0.24689235306168655
K55Q,0.1828495884762336,0.23985408335171765
K55R,0.18827940911732705,0.22711521346169464
K55S,0.19503632852010053,0.24506274417381232
K55T,0.21340617893003014,0.24030415811324576
K55V,0.18453007806665042,0.23801763438231538
K55W,0.2104309273494659,0.24058585297037188
K55Y,0.18852387264620293,0.23382297367497268
K7A,0.17516591351697477,0.2773130837820724
K7C,0.1770185079622038,0.24621912565351156
K7D,0.17540705884739846,0.2675435193992316
K7E,0.17972105450428047,0.2473568501876767
K7F,0.21478835843677307,0.2883046653916998
K7G,0.20054784387829744,0.28384853960749085
K7H,0.18866888713925875,0.24793553094497395
K7I,0.16407800666443612,0.22806012156572383
K7L,0.18668913445845606,0.2361117508577211
K7M,0.18734324993976514,0.2386090225328481
K7N,0.20371280989963234,0.26441493461142096
K7P,0.1912466785412685,0.5175809134181466
K7Q,0.20577898774432068,0.24175043535615195
K7R,0.1669385251656138,0.24225605553434298
K7S,0.18396800513670886,0.2644997834942465
K7T,0.16596430123007624,0.2441113112024177
K7V,0.1906527319093522,0.220868952578594
K7W,0.19248184699827248,0.2793960216289266
K7Y,0.17649695947323496,0.2657577901560267
L16A,0.16550555448048654,0.23198507528927523
L16C,0.247777726018028,0.2392783382055914
L16D,0.16898376921188105,0.22632814974899748
L16E,0.1939081967924282,0.23716389269248972
L16F,0.17172420410043315,0.22368851713659668
L16G,0.17985122250872948,0.22436756961419466
L16H,0.1623045248206861,0.22316306245879383
L16I,0.1739821943513739,0.2251212643878506
L16K,0.15715907683567215,0.22788636789979286
L16M,0.19823899331357606,0.23484916730379182
L16N,0.17517843736942706,0.24066591177464272
L16P,0.23022276557293872,0.3216359449248392
L16Q,0.19506954702924129,0.23095709155779068
L16R,0.2084810776059632,0.21562836649688433
L16S,0.1698331124501441,0.25376952622295196
L16T,0.22652182688213493,0.22769202700481866
L16V,0.21074470601728512,0.21899258813814299
L16W,0.17209513468934062,0.22858689020773182
L16Y,0.15302569674213548,0.2116340673474661
L2A,0.2094470427366212,0.24544488437006348
L2C,0.18397608643969895,0.25241509041200627
L2D,0.15692582053466378,0.7378164224923776
L2E,0.17555493257976656,0.7032895226963165
L2F,0.19241753421908286,0.25310595340705316
L2G,0.15805926101726583,0.7274450818622941
L2H,0.22343495517515227,0.29245693371593634
L2I,0.20647471680463148,0.24987228942226297
L2K,0.16946989326368353,0.7064292640843644
L2M,0.20928180968594193,0.24388755362488768
L2N,0.17720748492909041,0.6896090190244387
L2P,0.17686914948054602,0.24513488320210575
L2Q,0.18515418423447183,0.27571804678196776
L2R,0.1763525379566161,0.7231809605963238
L2S,0.17028317733764076,0.7801786073777977
L2T,0.2470785328449438,0.2643114890325234
L2V,0.15924394663704183,0.24901191792188213
L2W,0.18441277730105257,0.2542382426574941
L2Y,0.20145410726339189,0.23678727263793364
L30A,0.15525820037697738,0.2285418822872975
L30C,0.18119666769922713,0.22150595676059265
L30E,0.18657420920085424,0.22317668821066927
L30F,0.17245816578642734,0.2739629240750256
L30G,0.20715199540502485,0.24671978766157912
L30H,0.18974594610524573,0.2181817544677463
L30I,0.20204018534323376,0.2413549017492266
L30M,0.20286121746020408,0.24113274464211662
L30R,0.16696821177088383,0.46750291141887096
L30S,0.20358596794899642,0.21438296347485872
L30T,0.18845884797041718,0.32767104647380646
L30V,0.17288852879127548,0.2513186045622292
L30W,0.16441124451138792,0.3148950530118487
L30Y,0.18802536693131539,0.2622374766159987
L37A,0.16119423387071724,0.21720360525522237
L37C,0.17481741465935532,0.22715597528483894
L37D,0.15657401826942796,0.2261917358361792
L37E,0.19046815405311138,0.22742024391663626
L37F,0.22847943002942336,0.22907628230841795
L37G,0.18236807142283443,0.22120464236663687
L37H,0.20735695563269302,0.2235987632489882
L37I,0.211099223365142,0.21843436263973257
L37K,0.19120317239585286,0.2343923202457211
L37M,0.1613082374360849,0.21982716735165667
L37N,0.21597738999597055,0.21197623878592034
L37P,0.2004902463544867,0.7003177044176105
L37Q,0.18606606294179098,0.22689332827487332
L37R,0.2239062731808754,0.246923407655507
L37S,0.1667443363074443,0.21072037583794292
L37T,0.1853726944480942,0.21618740861694682
L37V,0.17469996890790723,0.21426614086749066
L37W,0.18326167262673718,0.22258356604467422
L37Y,0.17552599948405664,0.21932607475846777
L67A,0.16696357756671737,0.23257427274232353
L67C,0.20037175625412484,0.2638370235991451
L67E,0.16953806360389237,0.21646352992835627
L67F,0.16689003461930466,0.2950730016432048
L67G,0.23290314720135488,0.2301873620954655
L67H,0.17551442288278457,0.302945502109603
L67I,0.20713640948077672,0.2658216010415656
L67K,0.18056724190006151,0.24733033747928787
L67M,0.17311796833378154,0.22679651724438796
L67N,0.18380394906499994,0.2789647661635708
L67Q,0.16374256191369427,0.24720509890883502
L67R,0.19248958487787834,0.27104162850070795
L67S,0.18893493314391982,0.2417617779118352
L67T,0.16388602262515578,0.22507994910455345
L67V,0.1715835049355265,0.24259472290321715
L67W,0.1942669494209655,0.3423326174614834
L67Y,0.24140376219857973,0.27820403774155
M34A,0.22794071804204816,0.2193202301281644
M34C,0.19095174074323612,0.23477143532700617
M34E,0.1855833709241212,0.21393850091400285
M34F,0.17434279347572454,0.20357926295930348
M34G,0.16924357095010656,0.27795170257200036
M34H,0.19203664160143946,0.22880896270770942
M34I,0.17377901396641215,0.232539991637366
M34K,0.16841894358763526,0.22677534864769447
M34L,0.18167753902704323,0.23531351234251535
M34Q,0.18688416264363034,0.2090217026764742
M34R,0.17559349355469422,0.22950646084641999
M34S,0.16925986551734462,0.23029757276318058
M34T,0.19805169096336023,0.2374001804841279
M34V,0.19912830775519924,0.24984115553845931
M34W,0.19877499398367968,0.20938148891163982
M34Y,0.19037543602738405,0.20578960513245534
M49A,0.18918889395415162,0.23780701953583974
M49C,0.17032086658649115,0.2243018416895337
M49D,0.17100132879733573,0.234096472347055
M49E,0.1900359978972383,0.23769294593166557
M49F,0.18320032880567944,0.2106727908428901
M49G,0.17956964045648136,0.23400111875409962
M49H,0.16073639422888678,0.23340350709286015
M49I,0.17506110187699622,0.22791186236957817
M49K,0.15247445178165306,0.24463631244745246
M49L,0.1886944371496368,0.22786798026992106
M49N,0.18159667931642215,0.2325686687976287
M49P,0.17287229323035425,0.24675605328502848
M49Q,0.18422633060564994,0.2307391181660328
M49R,0.19390780830840798,0.24206211331407917
M49S,0.1798377410582394,0.23352546897205773
M49T,0.17072587570111378,0.2365773501338115
M49V,0.15443535179505877,0.23404315254690464
M49W,0.19593679685333282,0.22783079084516666
M49Y,0.16359449386345135,0.24069588853153803
M69A,0.15655908897518922,0.24527319021613067
M69C,0.16660271058687695,0.25097862870703097
M69D,0.22295789396176383,0.2582544761532837
M69E,0.20709486904216115,0.26883533076917726
M69F,0.216772288196312,0.28555571898211124
M69G,0.17189716153612852,0.27093503375388445
M69H,0.21471671055682695,0.26848932589429886
M69I,0.18881052746047444,0.2500133152181428
M69K,0.1836283479257314,0.2571053955840317
M69L,0.21437350773415917,0.230971727105163
M69N,0.21799880582675765,0.26349742399362924
M69P,0.18156909516833195,0.33169703991056554
M69Q,0.18443587236077122,0.2599310377116292
M69R,0.17128340115197133,0.2593326420063412
M69S,0.18062393315708977,0.24630405973815178
M69T,0.1766675862354298,0.26203090873005375
M69V,0.18426672867694963,0.2637076363982969
M69W,0.16993736630625436,0.25320759016295014
M69Y,0.18155666860994765,0.2690728544580551
M70A,0.1879613433257901,0.23870259284880688
M70C,0.1772697972362398,0.23490071813213723
M70D,0.2525982086365949,0.588679303902857
M70E,0.22185602588808373,0.25315535858285537
M70F,0.226352768793386,0.2370021865803914
M70G,0.24086050760263603,0.2532436410231093
M70H,0.17349048845711743,0.2734396519769437
M70I,0.1960774621146449,0.23395392843420112
M70K,0.2515248476252381,0.30728640481600694
M70L,0.20804580739758666,0.25364362026090226
M70N,0.18916740829842132,0.2586803658586258
M70P,0.19823409902977523,0.6335851416240957
M70Q,0.18880546130371761,0.23128717748173555
M70R,0.20948949921494056,0.3364884416730357
M70S,0.18265818848886295,0.244015509346069
M70T,0.18513692771295484,0.24207275151929808
M70V,0.1596555346478979,0.23155680062053768
M70W,0.20619953002991717,0.2523454015423709
M70Y,0.1786356621146721,0.23824580975657259
P41A,0.20228921522913096,0.24578858799516165
P41D,0.17848958732474884,0.357511090407008
P41E,0.1783472773160341,0.24707260441572085
P41F,0.16152843738017356,0.2559010109285389
P41G,0.15923130127377697,0.25346199511848616
P41H,0.1772269369199409,0.2681820586881361
P41I,0.18108125302452716,0.21997397941301727
P41K,0.1674729963870289,0.25899729867038895
P41L,0.21326071690487394,0.25099232572334196
P41M,0.20883396977107718,0.24509411127042494
P41N,0.1748463034090139,0.26042264364901946
P41Q,0.1502525354197017,0.24982765556061756
P41R,0.20977191322194252,0.261364689005468
P41S,0.1530218679474871,0.24539021185497953
P41T,0.20438336180623776,0.23580771722554028
P41V,0.21008666444887514,0.2296818446925446
P41W,0.18484608822278364,0.23090661128005013
P41Y,0.1583193326176745,0.27137373272374626
Q6A,0.18168985466991458,0.2509147653354076
Q6C,0.16127380843915726,0.2595359062249924
Q6D,0.18008133816927216,0.23821338420540963
Q6E,0.2011646284965538,0.2317387820610104
Q6F,0.17351490589568552,0.2849643581210626
Q6G,0.21159319656427375,0.26442328039469215
Q6H,0.17757697358797173,0.2522463733649821
Q6I,0.19253126490266903,0.2649257963097861
Q6K,0.16156419423482005,0.2624846562917831
Q6L,0.15948508246106274,0.27809922133143405
Q6M,0.22713159007881895,0.2519988887362391
Q6N,0.20523782418390193,0.25605975555136934
Q6P,0.20037041344853596,0.30188654933862596
Q6R,0.16027064710440667,0.26299121560706906
Q6S,0.20242224492947342,0.24729076431872096
Q6T,0.18703228953420112,0.2574019279480457
Q6V,0.166233428124689,0.2614698734421585
Q6W,0.1877640882190807,0.2765083131432383
Q6Y,0.16536032418254956,0.2751383951652224
Q8A,0.17982022147159324,0.25238675824310075
Q8C,0.18647408784677538,0.22807901256880275
Q8D,0.20896322725040134,0.24928342021974217
Q8E,0.18855608272325391,0.23840110966288697
Q8F,0.1638281039890913,0.2638478189753635
Q8G,0.17594232293544998,0.22285505529744412
Q8H,0.16951527441352615,0.2504221404273102
Q8I,0.1809598926194381,0.23163998326222437
Q8K,0.15738645510163357,0.2624165686206676
Q8L,0.1987308592553641,0.23057430282678124
Q8M,0.2120005039887414,0.24295433559090523
Q8N,0.19355231233854558,0.25231246694349035
Q8P,0.2316374820806016,0.3349249083323315
Q8R,0.23513893891796633,0.26062887947446184
Q8S,0.154578833253608,0.2527204969639199
Q8T,0.18641919150584266,0.2644081858972868
Q8V,0.1934632768538275,0.2358333456877591
Q8W,0.16621862698967768,0.26601982999183144
Q8Y,0.1676916831002043,0.229470516065299
R11A,0.20485633057205482,0.25428875178514376
R11C,0.17156557537581923,0.28028865295166944
R11D,0.18202952726821736,0.26753687328800096
R11E,0.15348311307118032,0.26164687755181104
R11F,0.17938500207210456,0.22770439846626833
R11G,0.17002840881592493,0.24292103920116984
R11H,0.18444738113907438,0.22903150991724094
R11I,0.1707567384868214,0.3102362028073447
R11K,0.177938130569552,0.22923322178805838
R11L,0.19474928881643272,0.2336156917256173
R11M,0.17299799822549133,0.24232401654082525
R11N,0.18205906522700038,0.2696181310472219
R11Q,0.2009293403319369,0.23306709255289246
R11S,0.16808035893169165,0.24872613009758174
R11T,0.16751160652377092,0.2865623339823488
R11V,0.16841173659843042,0.31821666960093986
R11W,0.21359524139186212,0.2284116043248747
R11Y,0.17752714713172296,0.23346169924947704
R35A,0.20191662420863637,0.2419653678675582
R35C,0.171495628616352,0.23047888117437046
R35D,0.18839538443307102,0.22160761743318214
R35E,0.16791562788757275,0.22337071394942698
R35F,0.15153408921632716,0.237541173157797
R35G,0.20741306026736858,0.2489002004832736
R35H,0.23260272218540587,0.2329395849534206
R35I,0.22476631617590953,0.23999612590651717
R35K,0.2299273752077296,0.23132671726405735
R35L,0.21130236208880815,0.2353120994444062
R35M,0.18833812400482813,0.2235319091220677
R35N,0.2011732396758633,0.22896036692533484
R35P,0.2260876284490251,0.37213653681605063
R35Q,0.16965414403247006,0.22538879155813007
R35S,0.17739059106125377,0.2225634568092082
R35T,0.18676891881602012,0.22088216803453645
R35V,0.18923117564912897,0.2296607878283315
R35W,0.20612205705542624,0.22939371877321665
R35Y,0.1728979256977239,0.227033197937037
S22A,0.18509065898648555,0.22426798809914358
S22C,0.18007093401901608,0.23054928908311864
S22D,0.21895840542180214,0.20861475538123583
S22E,0.19447712515819943,0.2142397331267841
S22F,0.2078590660448507,0.22854246036306092
S22G,0.17025219985200596,0.23207982923789988
S22H,0.19679581606738705,0.22715602603942617
S22I,0.20690682534332758,0.22700495764315695
S22K,0.15693756240289314,0.2158037454201682
S22L,0.1703840125347716,0.22158366574722846
S22M,0.17570581837529467,0.22772006635362022
S22N,0.16950349483822183,0.2144407700685913
S22P,0.1905014765294624,0.2267724350460638
S22Q,0.1578731795578103,0.2163773943545773
S22R,0.1755292508145262,0.2199931377143491
S22T,0.18604126621758477,0.21748141060842158
S22V,0.17407482164457203,0.22505036830595498
S22W,0.19045113038742512,0.21829627295178597
S22Y,0.1799618301148356,0.21706068697948142
S51A,0.1835881393284717,0.22706134586604873
S51C,0.18606021422508806,0.22913766229076418
S51D,0.17037354070311422,0.22741877479372757
S51E,0.17763208798004784,0.2250968581328531
S51F,0.1781714194868351,0.23253893094528172
S51G,0.18867249295850105,0.22396293877566162
S51H,0.2082480931412965,0.23001227746400185
S51I,0.20262340113579527,0.22595133268830703
S51K,0.17472370882241922,0.22304558849988027
S51L,0.17973880170727768,0.22709753741339805
S51M,0.16741575703187117,0.22544199972058004
S51N,0.17532547006043867,0.22682849219627893
S51P,0.1760292885434674,0.2375694455093032
S51Q,0.20911056012652715,0.22890214709679993
S51R,0.2010316949557033,0.22512047222697368
S51T,0.17815562087241832,0.2305029765271528
S51V,0.16109453052814496,0.2275462374703165
S51W,0.1768161492836359,0.2299341422355197
S51Y,0.23834371238457372,0.22756808790047112
S58A,0.2116044916244039,0.23051273298877023
S58C,0.18644699463123912,0.23666613072724746
S58D,0.21422251452851576,0.2145890789217761
S58E,0.18355269977994654,0.2356602755818869
S58F,0.2266641851556243,0.23425780492512738
S58G,0.15839588992011974,0.23317027049823924
S58H,0.1986792158861833,0.24036633026931975
S58I,0.1763819876830781,0.23229502475878877
S58K,0.1891806602876178,0.23086726897097687
S58L,0.20582678690641562,0.22158960266843764
S58M,0.1774200006883559,0.23200608106986176
S58N,0.1939884784951145,0.2249962514052286
S58P,0.17410627653070687,0.2459261988179068
S58Q,0.1958902335243731,0.23315911189827349
S58R,0.2248045260882933,0.22689863332996568
S58T,0.1636992883909526,0.23214123440286472
S58V,0.18679660785907065,0.24021282242681669
S58W,0.17737759136773518,0.2285126603599297
S58Y,0.20045953605511255,0.2350384610264625
T19A,0.1823044233433267,0.23116327495876154
T19C,0.1654232903688173,0.22636934203186862
T19D,0.22730392464424276,0.2229791842516382
T19E,0.1697327642741657,0.2302918362552
T19F,0.24123784725014957,0.2247823751224177
T19G,0.19602137335757153,0.24302790329501414
T19H,0.16348491942667548,0.22773456269251907
T19I,0.19037281090034394,0.25260484208497136
T19K,0.19593295146741038,0.22846546693759018
T19L,0.21251496037280038,0.23819764646737557
T19M,0.19146973596185118,0.22453190065228915
T19N,0.20335438953247023,0.23367888447283322
T19P,0.20142048325376294,0.24019345575749973
T19Q,0.19527581961469154,0.2367161137273961
T19R,0.1959947751340834,0.23380191081480464
T19S,0.16582476308417599,0.23166947663261578
T19V,0.17021487615066336,0.2217095993640279
T19W,0.206824629177917,0.22502451537018794
T19Y,0.20152072784820116,0.23141440369733393
T24A,0.17648275620912138,0.25224141555132507
T24C,0.19419612649199572,0.23186992885911828
T24D,0.1725363211200908,0.22755680694055005
T24E,0.18672293263919817,0.23128460844316626
T24F,0.20877240136353203,0.242431865820789
T24G,0.17930003202084668,0.22194826654911862
T24H,0.17435087663597698,0.23894266383608004
T24I,0.24277870880675947,0.28486118206233346
T24K,0.16704997628519297,0.2361580833296878
T24L,0.17035281920485734,0.25641245796487533
T24M,0.1894420585390439,0.23642943344691109
T24N,0.16346214968766865,0.2328413297155261
T24P,0.1818612641397311,0.2713642387961836
T24Q,0.1674690181736407,0.23724181827231428
T24R,0.2075499139738975,0.23443649115464793
T24S,0.1881518267966108,0.2272127193865124
T24V,0.18421819779760953,0.24677379974890135
T24W,0.21631504704150695,0.23876707640728906
T24Y,0.1923004972001392,0.24023143383984938
T3A,0.18427986764055887,0.7534768574993459
T3C,0.17464297904343695,0.23513648614156912
T3D,0.15663298649214763,0.24905761509050522
T3E,0.16906800210109418,0.2821992621000498
T3F,0.15956100006953847,0.2822416072718534
T3G,0.16948962978155163,0.24024908489382138
T3H,0.19041921312870624,0.3306823372752343
T3I,0.18724238791690886,0.27580617356951254
T3K,0.19101972657971772,0.2716681858651849
T3L,0.184814744513301,0.28467237135335494
T3M,0.15226878897578797,0.7431394366484176
T3N,0.15264247144461263,0.2296756080297207
T3P,0.16153760454246457,0.28104809763823485
T3Q,0.16019276504434907,0.7484107313531833
T3R,0.17850616165457217,0.2721381807623934
T3S,0.16596702001300864,0.23002620845768362
T3V,0.17253094426796223,0.28065177287095106
T3W,0.17841378681640382,0.2705196109203072
T3Y,0.19066063952459406,0.2834271541263111
T60A,0.18283914318217429,0.23716677024059463
T60C,0.18394221515026493,0.22908179879670282
T60D,0.17453872483590363,0.22414732363228937
T60E,0.2027846954487248,0.24387491326567967
T60F,0.18735259414904337,0.24365089667262893
T60G,0.1603893864496552,0.2380305973444475
T60H,0.17383676327752992,0.23508625325822965
T60I,0.19565625632253983,0.29339512084663655
T60K,0.16409241151648735,0.2345361315883357
T60L,0.15193751625781923,0.2579170327054705
T60M,0.21576934673352016,0.237771539823037
T60N,0.1695316709895067,0.23083147616827243
T60P,0.24599810136955144,0.24014284016941617
T60Q,0.20870272564017475,0.23533090192432324
T60R,0.21719107325684617,0.23635272532929885
T60S,0.21642060114456546,0.22993498628320247
T60V,0.21457075499976053,0.2511910685468498
T60W,0.18277779303529465,0.2637246979735279
T60Y,0.21638180070196344,0.25101474491964143
T68A,0.18526593180474102,0.24758229662487
T68C,0.17229311068078262,0.21771235442639597
T68D,0.1724745441064626,0.23478446996075
T68E,0.1892952649498487,0.22995194526759455
T68F,0.16951727718231496,0.24752034763592232
T68G,0.167047470847307,0.22590419860452904
T68H,0.20124339270112193,0.22810820546203353
T68I,0.17764380944767155,0.24814411922759724
T68K,0.16539858527219273,0.2324712968168723
T68L,0.20670449094873208,0.2352432013841481
T68M,0.20818737667812728,0.23027941267518134
T68N,0.18181689233643936,0.21376773081557457
T68P,0.18776527064451293,0.2455193146639972
T68Q,0.1627626858555967,0.22592476538740616
T68R,0.16675375779521986,0.2155091172652593
T68S,0.17048581013024466,0.23667942335156014
T68V,0.18240544998567573,0.24870300052521685
T68W,0.18143173688249042,0.222612979421614
T68Y,0.21044544623849706,0.2502526147790113
T71A,0.18890658261127954,0.30841641032083966
T71C,0.23879584223813996,0.27680159976395396
T71D,0.17793420042211175,0.2393103210868799
T71E,0.17969935399967898,0.2751947904341556
T71F,0.21884560126000743,0.24180295151199768
T71G,0.18045222292851543,0.3202870048711096
T71H,0.19642604790903787,0.24902718340921168
T71I,0.19545973995223034,0.30648619865964566
T71K,0.22245295539409757,0.24393395620156594
T71L,0.1778642168468938,0.28692370273457174
T71M,0.17376272219134606,0.2657584155377407
T71N,0.18081007614153569,0.25895058565423
T71P,0.18092995510504725,0.47163269613322456
T71Q,0.17171352996508202,0.24044012457035738
T71R,0.16797517906400206,0.23217825411348822
T71S,0.24435373308359154,0.3403497422199789
T71V,0.15108187119062957,0.30417439480464475
T71W,0.1565199130870242,0.2269475198782676
T71Y,0.18278252816711685,0.26587383143622106
V32A,0.16466129595150195,0.2165434162435903
V32C,0.18238741418609175,0.22057894697137553
V32D,0.1672910354951085,0.21643804121448057
V32E,0.17375026750691622,0.22156203540673067
V32F,0.20500705864088073,0.22012104316200923
V32G,0.16003988028010038,0.2227121358698084
V32H,0.18482567198840347,0.22323622305698734
V32I,0.17838384382263114,0.22665240070863607
V32K,0.1835285408363309,0.22905449380049753
V32L,0.1695717636096097,0.22666379978615953
V32M,0.19243884867600805,0.22772103880035788
V32N,0.18075603401231516,0.21763700144296608
V32P,0.18866800094143296,0.2565743431650549
V32Q,0.1822821150632821,0.22630181264361515
V32R,0.17636839612955055,0.22272583813190377
V32S,0.17077803132213773,0.22068052318717843
V32T,0.17724200974801946,0.2195129070038495
V32W,0.19328948542139032,0.23425381387528393
V32Y,0.18084509538113167,0.2220399232617263
